Workbook
Name Data: OFFSET(Data!$A$1,0,0,COUNTA(Data!$A:$A),COUNTA(Data!$A$1:$BJ$1))

Sheet TOP User Error VS Account
B2: Account Name
A3: MT Name | B3: CAMG | C3: HCA | D3: NCSB | E3: AMC | F3: SOC | G3: CCM | H3: DHS | I3: ICA | J3: HMRH | K3: CVAMD | L3: WOS | M3: NLC | N3: LAC | O3: RMCA | P3: Grand Total
A4: Purvi Thakore | B4: 11 | K4: 3 | M4: 1 | P4: 15
A5: Prasanth Sivan | E5: 4 | F5: 5 | N5: 1 | P5: 10
A6: Pratheep Kumar | B6: 5 | H6: 2 | L6: 2 | O6: 1 | P6: 10
A7: Aarti Gajjar | B7: 2 | C7: 7 | G7: 1 | P7: 10
A8: Febin Clament | I8: 6 | J8: 1 | N8: 2 | P8: 9
A9: Sivasankari A | D9: 8 | P9: 8
A11: MT Name | B11: HCA | C11: PRMC | D11: OHH | E11: AMC | F11: DHS | G11: CAMG | H11: SOC | I11: NCSB | J11: CPRC | K11: NLC | L11: MJHS | M11: SHWS | N11: Grand Total
A12: Vijay Babu | B12: 3 | C12: 1 | D12: 2 | L12: 1 | M12: 1 | N12: 8
A13: Santosh Singh | B13: 5 | F13: 1 | G13: 1 | N13: 7
A14: Savitha Arun | C14: 2 | H14: 1 | I14: 2 | J14: 1 | N14: 6
A15: Chintul Sutaria | E15: 2 | F15: 1 | K15: 1 | N15: 4

Sheet Auditors Status
A2: Responsible_User_Status | B2: (All) | G2: Auditor_milestone | H2: cqa | M2: Auditor_milestone | N2: (All)
A3: T/F | B3: FALSE | G3: T/F | H3: FALSE | M3: T/F | N3: FALSE
A5: Auditor Name | B5: Average of Accuracy | C5: Count of Error | D5: Occurrences of Error | E5: Count of File | G5: Account Name | H5: Count of Error | I5: Occurrences of Error | J5: Count of File | M5: Auditor Milestone / Auditor Name | N5: Count of File_name
A6: cqa | B6: 98.766605 | C6: 158 | D6: 408 | E6: 240 | G6: DHS | H6: 20 | I6: 75 | J6: 23 | M6: Devang Thakkar | N6: 239
A7: Devang Thakkar | B7: 98.761444 | C7: 158 | D7: 408 | E7: 239 | G7: AMC | H7: 17 | I7: 35 | J7: 25 | M7: Vishal Mehta | N7: 1
A8: Vishal Mehta | B8: 100 | C8: 0 | D8: 0 | E8: 1 | G8: RMCA | H8: 5 | I8: 8 | J8: 15 | M8: Grand Total | N8: 240
A9: Grand Total | B9: 98.766605 | C9: 158 | D9: 408 | E9: 240 | G9: CAMG | H9: 44 | I9: 120 | J9: 51
G10: PRMC | H10: 11 | I10: 18 | J10: 16
G11: Auburn HIM | H11: 3 | I11: 10 | J11: 4
G12: SMH | H12: 2 | I12: 2 | J12: 5
G13: LAC | H13: 5 | I13: 7 | J13: 8
G14: HMRH | H14: 7 | I14: 13 | J14: 12
G15: NCSB | H15: 10 | I15: 23 | J15: 25
G16: MJHS | H16: 4 | I16: 5 | J16: 5
G17: FVLD | H17: 6 | I17: 16 | J17: 6
G18: CRNRC | H18: 2 | I18: 11 | J18: 2
G19: HHRC | H19: 1 | I19: 4 | J19: 1
G20: SSH | H20: 2 | I20: 6 | J20: 4
G21: MRC | H21: 3 | I21: 15 | J21: 3
... G31: Grand Total | H31: 158 | I31: 408 | J31: 240

Sheet Status Wise Quality
B1: Awaiting BB | H1: Awaiting Upload | N1: Awaiting QA | T1: Ready_for_review | Z1: Decision_Pending
B2: Sent Status Name | C2: awaiting_upload | H2: Sent Status Name | I2: awaiting_upload | N2: Sent Status Name | O2: awaiting_upload | T2: Sent Status Name | U2: awaiting_upload | Z2: Sent Status Name | AA2: awaiting_upload
B3: T/F | C3: FALSE | H3: T/F | I3: FALSE | N3: T/F | O3: FALSE | T3: T/F | U3: FALSE | Z3: T/F | AA3: FALSE
B5: Responsible_User_Status | C5: Responsible_User_Name | D5: Average of Accuracy | E5: Error Count | F5: Error Occurrences | H5: Responsible_User_Status | I5: Responsible_User_Name | J5: Average of Accuracy | K5: Error Count | L5: Error Occurrences | N5: Responsible_User_Status | O5: Responsible_User_Name | P5: Average of Accuracy | Q5: Error Count | R5: Error Occurrences | T5: Responsible_User_Status | U5: Responsible_User_Name | V5: Average of Accuracy | W5: Error Count | X5: Error Occurrences | Z5: Responsible_User_Status | AA5: Responsible_User_Name | AB5: Error Count | AC5: Error Occurrences
B6: mt_new | D6: 98.86003 | E6: 121 | F6: 276 | H6: mt_new | J6: 98.86003 | K6: 121 | L6: 276 | N6: qa_new | P6: 98.622307 | Q6: 25 | R6: 77 | T6: qa_new | V6: 98.622307 | W6: 25 | X6: 77 | Z6: qa_new | AB6: 25 | AC6: 77
C7: Vijay Babu | D7: 99.655621 | E7: 11 | F7: 22 | I7: Vijay Babu | J7: 99.655621 | K7: 11 | L7: 22 | O7: Vijay Babu | P7: 99.661247 | Q7: 1 | R7: 1 | U7: Vijay Babu | V7: 99.661247 | W7: 1 | X7: 1 | AA7: Vijay Babu | AB7: 1 | AC7: 1
C8: Pratheep Kumar | D8: 99.107497 | E8: 17 | F8: 37 | I8: Pratheep Kumar | J8: 99.107497 | K8: 17 | L8: 37 | O8: Savitha Arun | P8: 98.301198 | Q8: 11 | R8: 34 | U8: Savitha Arun | V8: 98.301198 | W8: 11 | X8: 34 | AA8: Savitha Arun | AB8: 11 | AC8: 34
C9: Shiny Iype | D9: 95.162649 | E9: 22 | F9: 79 | I9: Shiny Iype | J9: 95.162649 | K9: 22 | L9: 79 | O9: Chintul Sutaria | P9: 98.826299 | Q9: 13 | R9: 42 | U9: Chintul Sutaria | V9: 98.826299 | W9: 13 | X9: 42 | AA9: Chintul Sutaria | AB9: 13 | AC9: 42
C10: Savitha Arun | D10: 100 | E10: 0 | F10: 0 | I10: Savitha Arun | J10: 100 | K10: 0 | L10: 0 | N10: mt_new | P10: 98.86003 | Q10: 121 | R10: 276 | T10: mt_new | V10: 98.86003 | W10: 121 | X10: 276 | Z10: mt_new | AB10: 121 | AC10: 276
C11: Gopal Rajith | D11: 99.705796 | E11: 9 | F11: 16 | I11: Gopal Rajith | J11: 99.705796 | K11: 9 | L11: 16 | O11: Vijay Babu | P11: 99.655621 | Q11: 11 | R11: 22 | U11: Vijay Babu | V11: 99.655621 | W11: 11 | X11: 22 | AA11: Vijay Babu | AB11: 11 | AC11: 22
C12: Sandeep S | D12: 99.297783 | E12: 14 | F12: 21 | I12: Sandeep S | J12: 99.297783 | K12: 14 | L12: 21 | O12: Pratheep Kumar | P12: 99.107497 | Q12: 17 | R12: 37 | U12: Pratheep Kumar | V12: 99.107497 | W12: 17 | X12: 37 | AA12: Shiny Iype | AB12: 22 | AC12: 79
C13: Usha M | D13: 98.596779 | E13: 14 | F13: 21 | I13: Usha M | J13: 98.596779 | K13: 14 | L13: 21 | O13: Shiny Iype | P13: 95.162649 | Q13: 22 | R13: 79 | U13: Shiny Iype | V13: 95.162649 | W13: 22 | X13: 79 | AA13: Savitha Arun | AB13: 0 | AC13: 0
C14: Sivasankari A | D14: 99.783624 | E14: 9 | F14: 21 | I14: Sivasankari A | J14: 99.783624 | K14: 9 | L14: 21 | O14: Savitha Arun | P14: 100 | Q14: 0 | R14: 0 | U14: Savitha Arun | V14: 100 | W14: 0 | X14: 0 | AA14: Pratheep Kumar | AB14: 17 | AC14: 37
C15: Chintul Sutaria | D15: 99.350504 | E15: 7 | F15: 17 | I15: Chintul Sutaria | J15: 99.350504 | K15: 7 | L15: 17 | O15: Gopal Rajith | P15: 99.705796 | Q15: 9 | R15: 16 | U15: Gopal Rajith | V15: 99.705796 | W15: 9 | X15: 16 | AA15: Gopal Rajith | AB15: 9 | AC15: 16
C16: Tejas Patel | D16: 99.086854 | E16: 18 | F16: 42 | I16: Tejas Patel | J16: 99.086854 | K16: 18 | L16: 42 | O16: Sandeep S | P16: 99.297783 | Q16: 14 | R16: 21 | U16: Sandeep S | V16: 99.297783 | W16: 14 | X16: 21 | AA16: Sandeep S | AB16: 14 | AC16: 21
B17: qa_new | D17: 98.622307 | E17: 25 | F17: 77 | H17: qa_new | J17: 98.622307 | K17: 25 | L17: 77 | O17: Usha M | P17: 98.596779 | Q17: 14 | R17: 21 | U17: Usha M | V17: 98.596779 | W17: 14 | X17: 21 | AA17: Usha M | AB17: 14 | AC17: 21
C18: Vijay Babu | D18: 99.661247 | E18: 1 | F18: 1 | I18: Vijay Babu | J18: 99.661247 | K18: 1 | L18: 1 | O18: Sivasankari A | P18: 99.783624 | Q18: 9 | R18: 21 | U18: Sivasankari A | V18: 99.783624 | W18: 9 | X18: 21 | AA18: Sivasankari A | AB18: 9 | AC18: 21
C19: Savitha Arun | D19: 98.301198 | E19: 11 | F19: 34 | I19: Savitha Arun | J19: 98.301198 | K19: 11 | L19: 34 | O19: Chintul Sutaria | P19: 99.350504 | Q19: 7 | R19: 17 | U19: Chintul Sutaria | V19: 99.350504 | W19: 7 | X19: 17 | AA19: Chintul Sutaria | AB19: 7 | AC19: 17
C20: Chintul Sutaria | D20: 98.826299 | E20: 13 | F20: 42 | I20: Chintul Sutaria | J20: 98.826299 | K20: 13 | L20: 42 | O20: Tejas Patel | P20: 99.086854 | Q20: 18 | R20: 42 | U20: Tejas Patel | V20: 99.086854 | W20: 18 | X20: 42 | AA20: Tejas Patel | AB20: 18 | AC20: 42
B21: Grand Total | D21: 98.825471 | E21: 146 | F21: 353 | H21: Grand Total | J21: 98.825471 | K21: 146 | L21: 353 | N21: Grand Total | P21: 98.825471 | Q21: 146 | R21: 353 | T21: Grand Total | V21: 98.825471 | W21: 146 | X21: 353 | Z21: Grand Total | AB21: 146 | AC21: 353

Sheet DashBoard
B2: Total Files Audited | E2: GO % | H2: NoGo Count | K2: NoGo %
B3: =GETPIVOTDATA("File_name",'Master Pivot'!$A$4) -> 240 | E3: =GETPIVOTDATA("File_name",'Master Pivot'!$A$4,"NoGo/Go","Go")/DashBoard!B3 -> 0.725 | H3: =GETPIVOTDATA("File_name",'Master Pivot'!$A$4,"NoGo/Go","NoGo") -> 66 | K3: =GETPIVOTDATA("File_name",'Master Pivot'!$A$4,"NoGo/Go","NoGo")/B3 -> 0.275
Z8: Status | AA8: Count
Z9: Go | AA9: =GETPIVOTDATA("File_name",'Master Pivot'!$A$4,"NoGo/Go","Go") -> 174
Z10: NoGo | AA10: =GETPIVOTDATA("File_name",'Master Pivot'!$A$4,"NoGo/Go","NoGo") -> 66

Sheet Master Pivot
A1: T/F | B1: FALSE
A2: Audited Date | B2: (All)
D4: NoGo/Go
A5: Account_name | B5: Doctor | C5: Responsible_User_Name | D5: Go | E5: NoGo | F5: Grand Total
A6: Cardiology Associates Medical Group | B6: Jeffrey C Brackett, MD, FACC | C6: Shiny Iype | D6: 5 | E6: 3 | F6: 8
C7: Pratheep Kumar | D7: 3 | E7: 4 | F7: 7
C8: Tejas Patel | D8: 3 | E8: 2 | F8: 5
B9: Jeffrey C Brackett, MD, FACC Total | D9: 11 | E9: 9 | F9: 20
B10: Melissa Murillo, PA | C10: Shiny Iype | E10: 3 | F10: 3
C11: Tejas Patel | E11: 2 | F11: 2
C12: Pratheep Kumar | D12: 1 | F12: 1
B13: Melissa Murillo, PA Total | D13: 1 | E13: 5 | F13: 6
B14: Brian Martinez, PAC | C14: Pratheep Kumar | D14: 3 | E14: 1 | F14: 4
C15: Shiny Iype | E15: 2 | F15: 2
B16: Brian Martinez, PAC Total | D16: 3 | E16: 3 | F16: 6
B17: Craig Mansour, MD | C17: Shiny Iype | E17: 3 | F17: 3
B18: Craig Mansour, MD Total | E18: 3 | F18: 3
B19: Julie Morantz, PA | C19: Tejas Patel | D19: 7 | E19: 1 | F19: 8
B20: Julie Morantz, PA Total | D20: 7 | E20: 1 | F20: 8
B21: Alon A Steinberg, MD, FACC | C21: Chintul Sutaria | E21: 1 | F21: 1
B22: Alon A Steinberg, MD, FACC Total | E22: 1 | F22: 1
B23: Jonathan Dukes, MD | C23: Chintul Sutaria | E23: 1 | F23: 1
B24: Jonathan Dukes, MD Total | E24: 1 | F24: 1
B25: Robert Sogomonian, MD | C25: Pratheep Kumar | D25: 3 | F25: 3
B26: Robert Sogomonian, MD Total | D26: 3 | F26: 3
B27: Shaun T Patel, MD FACC | C27: Tejas Patel | D27: 2 | F27: 2
C28: Pratheep Kumar | D28: 1 | F28: 1
B29: Shaun T Patel, MD FACC Total | D29: 3 | F29: 3
A30: Cardiology Associates Medical Group Total | D30: 28 | E30: 23 | F30: 51
A31: Peterson Regional Medical Center | B31: Melissa G Wampler, MD | C31: Usha M | E31: 1 | F31: 1
B32: Melissa G Wampler, MD Total | E32: 1 | F32: 1
B33: Sylvester G Ramirez, MD | C33: Savitha Arun | E33: 1 | F33: 1
B34: Sylvester G Ramirez, MD Total | E34: 1 | F34: 1
B35: Paul Valenza, DPM | C35: Usha M | E35: 1 | F35: 1
C36: Sandeep S | D36: 1 | F36: 1
B37: Paul Valenza, DPM Total | D37: 1 | E37: 1 | F37: 2
B38: Kara E Whittington, DDS | C38: Usha M | D38: 1 | F38: 1
C39: Sandeep S | E39: 1 | F39: 1
B40: Kara E Whittington, DDS Total | D40: 1 | E40: 1 | F40: 2
B41: Mark P Goldman, PhD | C41: Vijay Babu | D41: 1 | F41: 1
C42: Usha M | E42: 1 | F42: 1
B43: Mark P Goldman, PhD Total | D43: 1 | E43: 1 | F43: 2
B44: James A Young, MD | C44: Sandeep S | D44: 1 | F44: 1
B45: James A Young, MD Total | D45: 1 | F45: 1
B46: Ryan J Veurink, MD | C46: Usha M | D46: 1 | F46: 1
B47: Ryan J Veurink, MD Total | D47: 1 | F47: 1
B48: Ralph J Fritzsch, MD | C48: Usha M | D48: 1 | F48: 1
C49: Sandeep S | D49: 1 | F49: 1
B50: Ralph J Fritzsch, MD Total | D50: 2 | F50: 2
B51: Emmett R Mackan, MD | C51: Usha M | D51: 2 | F51: 2
C52: Sandeep S | D52: 1 | F52: 1
B53: Emmett R Mackan, MD Total | D53: 3 | F53: 3
B54: Michael E Guerra, MD | C54: Usha M | D54: 1 | F54: 1
B55: Michael E Guerra, MD Total | D55: 1 | F55: 1
A56: Peterson Regional Medical Center Total | D56: 11 | E56: 5 | F56: 16
A57: Fred V Lause, DPM | B57: Fred V Lause, DPM | C57: Shiny Iype | E57: 4 | F57: 4
C58: Chintul Sutaria | D58: 1 | E58: 1 | F58: 2
B59: Fred V Lause, DPM Total | D59: 1 | E59: 5 | F59: 6
A60: Fred V Lause, DPM Total | D60: 1 | E60: 5 | F60: 6
A61: Adirondack Medical Center | B61: William Smith, MD | C61: Vijay Babu | D61: 2 | E61: 1 | F61: 3
C62: Usha M | D62: 1 | E62: 1 | F62: 2
B63: William Smith, MD Total | D63: 3 | E63: 2 | F63: 5
B64: John Decker, MD | C64: Vijay Babu | D64: 3 | E64: 1 | F64: 4
C65: Savitha Arun | E65: 1 | F65: 1
C66: Usha M | D66: 1 | F66: 1
B67: John Decker, MD Total | D67: 4 | E67: 2 | F67: 6
B68: Eve Burns, MD | C68: Vijay Babu | D68: 1 | F68: 1
C69: Usha M | E69: 1 | F69: 1
B70: Eve Burns, MD Total | D70: 1 | E70: 1 | F70: 2
B71: Daniel Zakhary, MD | C71: Vijay Babu | D71: 1 | F71: 1
B72: Daniel Zakhary, MD Total | D72: 1 | F72: 1
B73: Sabieli Kabeli, MD | C73: Sandeep S | D73: 3 | F73: 3
C74: Vijay Babu | D74: 1 | F74: 1
B75: Sabieli Kabeli, MD Total | D75: 4 | F75: 4
B76: Adam Abodeely, MD | C76: Vijay Babu | D76: 3 | F76: 3
C77: Sandeep S | D77: 1 | F77: 1
B78: Adam Abodeely, MD Total | D78: 4 | F78: 4
B79: Jeffrey Dodge, DO | C79: Vijay Babu | D79: 2 | F79: 2
C80: Usha M | D80: 1 | F80: 1
B81: Jeffrey Dodge, DO Total | D81: 3 | F81: 3
A82: Adirondack Medical Center Total | D82: 20 | E82: 5 | F82: 25
A83: Department Of Health Services - Wisconsin | B83: Mark Pushkash, Ph.D. | C83: Tejas Patel | D83: 1 | E83: 2 | F83: 3
C84: Vijay Babu | D84: 1 | F84: 1
B85: Mark Pushkash, Ph.D. Total | D85: 2 | E85: 2 | F85: 4
B86: Rebecca Flegner, PsyD | C86: Pratheep Kumar | E86: 1 | F86: 1
B87: Rebecca Flegner, PsyD Total | E87: 1 | F87: 1
B88: Shahida Munim, MD | C88: Chintul Sutaria | E88: 1 | F88: 1
B89: Shahida Munim, MD Total | E89: 1 | F89: 1
B90: Scott Trippe, Psy.D. | C90: Shiny Iype | E90: 1 | F90: 1
C91: Pratheep Kumar | D91: 1 | F91: 1
B92: Scott Trippe, Psy.D. Total | D92: 1 | E92: 1 | F92: 2
B93: David Radovich, Psy.D | C93: Tejas Patel | D93: 2 | F93: 2
C94: Chintul Sutaria | D94: 1 | F94: 1
B95: David Radovich, Psy.D Total | D95: 3 | F95: 3
B96: Travis Hinze, Ph.D. | C96: Chintul Sutaria | D96: 1 | F96: 1
B97: Travis Hinze, Ph.D. Total | D97: 1 | F97: 1
B98: Joan R Nuttall, Ph.D | C98: Chintul Sutaria | D98: 2 | F98: 2
B99: Joan R Nuttall, Ph.D Total | D99: 2 | F99: 2
B100: Joseph Roe, PsyD | C100: Chintul Sutaria | D100: 1 | F100: 1
B101: Joseph Roe, PsyD Total | D101: 1 | F101: 1
...

Sheet Top
A1: User Name | B1: Go | C1: NoGo | D1: Grand Total | E1: NoGo%
A2: Shiny Iype | B2: 8 | C2: 17 | D2: 25 | E2: =C2/D2 -> 0.68
A3: Usha M | B3: 15 | C3: 10 | D3: 25 | E3: =C3/D3 -> 0.4
A4: Tejas Patel | B4: 17 | C4: 8 | D4: 25 | E4: =C4/D4 -> 0.32
A5: Savitha Arun | B5: 12 | C5: 8 | D5: 20 | E5: =C5/D5 -> 0.4
A6: Chintul Sutaria | B6: 18 | C6: 7 | D6: 25 | E6: =C6/D6 -> 0.28
A7: Pratheep Kumar | B7: 15 | C7: 6 | D7: 21 | E7: =C7/D7 -> 0.28571429
A8: Sandeep S | B8: 20 | C8: 5 | D8: 25 | E8: =C8/D8 -> 0.2
A9: Vijay Babu | B9: 23 | C9: 2 | D9: 25 | E9: =C9/D9 -> 0.08
A10: Sivasankari A | B10: 23 | C10: 2 | D10: 25 | E10: =C10/D10 -> 0.08
A11: Gopal Rajith | B11: 23 | C11: 1 | D11: 24 | E11: =C11/D11 -> 0.041666667

Sheet MT-Hospital-Doctor
A1: Responsible_User_Name | B1: Responsible_User_Status | C1: Account_name | D1: Doctor | E1: Go | F1: NoGo | G1: Grand Total | H1: NoGo%
A2: Shiny Iype | B2: mt_new | C2: Cardiology Associates Medical Group | D2: Brian Martinez, PAC | F2: 2 | G2: 2 | H2: =F2/G2 -> 1
A3: Shiny Iype | B3: mt_new | C3: Cardiology Associates Medical Group | D3: Craig Mansour, MD | F3: 3 | G3: 3 | H3: =F3/G3 -> 1
A4: Shiny Iype | B4: mt_new | C4: Cardiology Associates Medical Group | D4: Jeffrey C Brackett, MD, FACC | E4: 5 | F4: 3 | G4: 8 | H4: =F4/G4 -> 0.375
A5: Shiny Iype | B5: mt_new | C5: Cardiology Associates Medical Group | D5: Melissa Murillo, PA | F5: 3 | G5: 3 | H5: =F5/G5 -> 1
A6: Shiny Iype | B6: mt_new | C6: Department Of Health Services - Wisconsin | D6: Scott Trippe, Psy.D. | F6: 1 | G6: 1 | H6: =F6/G6 -> 1
A7: Shiny Iype | B7: mt_new | C7: MEDICAL RESOURCE CENTER | D7: Jules J Barefoot, | E7: 1 | G7: 1 | H7: =F7/G7 -> 0
A8: Shiny Iype | B8: mt_new | C8: Fred V Lause, DPM | D8: Fred V Lause, DPM | F8: 4 | G8: 4 | H8: =F8/G8 -> 1
A9: Shiny Iype | B9: mt_new | C9: Auburn Community Hospital | D9: Daniel Alexander, MD | E9: 1 | F9: 1 | G9: 2 | H9: =F9/G9 -> 0.5
A10: Shiny Iype | B10: mt_new | C10: Auburn Community Hospital | D10: Kathi F Teixeira, MD | E10: 1 | G10: 1 | H10: =F10/G10 -> 0
A11: Shiny Iype | B11: mt_new Total | E11: 8 | F11: 17 | G11: 25 | H11: =F11/G11 -> 0.68
A12: Shiny Iype Total | E12: 8 | F12: 17 | G12: 25 | H12: =F12/G12 -> 0.68
A13: Usha M | B13: mt_new | C13: Adirondack Medical Center | D13: Eve Burns, MD | F13: 1 | G13: 1 | H13: =F13/G13 -> 1
B14: mt_new | C14: Adirondack Medical Center | D14: Jeffrey Dodge, DO | E14: 1 | G14: 1 | H14: =F14/G14 -> 0
B15: mt_new | C15: Adirondack Medical Center | D15: John Decker, MD | E15: 1 | G15: 1 | H15: =F15/G15 -> 0
B16: mt_new | C16: Adirondack Medical Center | D16: William Smith, MD | E16: 1 | F16: 1 | G16: 2 | H16: =F16/G16 -> 0.5
B17: mt_new | C17: Harmon Medical And Rehabilitation Hospital | D17: Gnaneswer Billakanti, MD | E17: 1 | G17: 1 | H17: =F17/G17 -> 0
B18: mt_new | C18: Hillsboro Area Hospital | D18: Blake Little, MD | F18: 1 | G18: 1 | H18: =F18/G18 -> 1
B19: mt_new | C19: Hillsboro Area Hospital | D19: Joel Wietfeldt, MD | F19: 1 | G19: 1 | H19: =F19/G19 -> 1
B20: mt_new | C20: Hillsboro Area Hospital | D20: Joseph Blaser, DO | E20: 4 | G20: 4 | H20: =F20/G20 -> 0
B21: mt_new | C21: Peterson Regional Medical Center | D21: Emmett R Mackan, MD | E21: 2 | G21: 2 | H21: =F21/G21 -> 0
B22: mt_new | C22: Peterson Regional Medical Center | D22: Kara E Whittington, DDS | E22: 1 | G22: 1 | H22: =F22/G22 -> 0
B23: mt_new | C23: Peterson Regional Medical Center | D23: Mark P Goldman, PhD | F23: 1 | G23: 1 | H23: =F23/G23 -> 1
B24: mt_new | C24: Peterson Regional Medical Center | D24: Michael E Guerra, MD | E24: 1 | G24: 1 | H24: =F24/G24 -> 0
B25: mt_new | C25: Peterson Regional Medical Center | D25: Paul Valenza, DPM | F25: 1 | G25: 1 | H25: =F25/G25 -> 1
B26: mt_new | C26: Peterson Regional Medical Center | D26: Ralph J Fritzsch, MD | E26: 1 | G26: 1 | H26: =F26/G26 -> 0
B27: mt_new | C27: Peterson Regional Medical Center | D27: Ryan J Veurink, MD | E27: 1 | G27: 1 | H27: =F27/G27 -> 0
B28: mt_new | C28: Peterson Regional Medical Center | D28: Melissa G Wampler, MD | F28: 1 | G28: 1 | H28: =F28/G28 -> 1
B29: mt_new | C29: Stringfellow Memorial Hospital | D29: JEFFREY LAWLER, MD | F29: 2 | G29: 2 | H29: =F29/G29 -> 1
B30: mt_new | C30: Sterling Surgical Hospital | D30: Christopher Sanchez, MD | E30: 1 | G30: 1 | H30: =F30/G30 -> 0
B31: mt_new | C31: Sterling Surgical Hospital | D31: John Chip Davis, MD | F31: 1 | G31: 1 | H31: =F31/G31 -> 1
B32: mt_new Total | E32: 15 | F32: 10 | G32: 25 | H32: =F32/G32 -> 0.4
A33: Usha M Total | E33: 15 | F33: 10 | G33: 25 | H33: =F33/G33 -> 0.4
A34: Tejas Patel | B34: mt_new | C34: Cardiology Associates Medical Group | D34: Jeffrey C Brackett, MD, FACC | E34: 3 | F34: 2 | G34: 5 | H34: =F34/G34 -> 0.4
A35: Tejas Patel | B35: mt_new | C35: Cardiology Associates Medical Group | D35: Julie Morantz, PA | E35: 7 | F35: 1 | G35: 8 | H35: =F35/G35 -> 0.125
A36: Tejas Patel | B36: mt_new | C36: Cardiology Associates Medical Group | D36: Shaun T Patel, MD FACC | E36: 2 | G36: 2 | H36: =F36/G36 -> 0
A37: Tejas Patel | B37: mt_new | C37: Cardiology Associates Medical Group | D37: Melissa Murillo, PA | F37: 2 | G37: 2 | H37: =F37/G37 -> 1
A38: Tejas Patel | B38: mt_new | C38: Department Of Health Services - Wisconsin | D38: Brian Allen, DO | E38: 1 | G38: 1 | H38: =F38/G38 -> 0
A39: Tejas Patel | B39: mt_new | C39: Department Of Health Services - Wisconsin | D39: David Radovich, Psy.D | E39: 2 | G39: 2 | H39: =F39/G39 -> 0
A40: Tejas Patel | B40: mt_new | C40: Department Of Health Services - Wisconsin | D40: Mark Pushkash, Ph.D. | E40: 1 | F40: 2 | G40: 3 | H40: =F40/G40 -> 0.66666667
A41: Tejas Patel | B41: mt_new | C41: Department Of Health Services - Wisconsin | D41: Ward Jankus, MD | E41: 1 | G41: 1 | H41: =F41/G41 -> 0
A42: Tejas Patel | B42: mt_new | C42: MEDICAL RESOURCE CENTER | D42: Jules J Barefoot, | F42: 1 | G42: 1 | H42: =F42/G42 -> 1
A43: Tejas Patel | B43: mt_new Total | E43: 17 | F43: 8 | G43: 25 | H43: =F43/G43 -> 0.32
A44: Tejas Patel Total | E44: 17 | F44: 8 | G44: 25 | H44: =F44/G44 -> 0.32
A45: Savitha Arun | B45: mt_new | C45: Adel M Sidky, MD FACC | D45: Adel M Sidky, MD FACC | E45: 1 | G45: 1 | H45: =F45/G45 -> 0
B46: mt_new Total | E46: 1 | G46: 1 | H46: =F46/G46 -> 0
B47: qa_new | C47: Adirondack Medical Center | D47: John Decker, MD | F47: 1 | G47: 1 | H47: =F47/G47 -> 1
B48: qa_new | C48: Coronado Ridge Nursing and Rehab Center | D48: Reydel B Alvarez, NP-C | E48: 1 | G48: 1 | H48: =F48/G48 -> 0
B49: qa_new | C49: Field Memorial Community Hospital | D49: Richard Field, III, M.D. | E49: 1 | G49: 1 | H49: =F49/G49 -> 0
B50: qa_new | C50: Harmon Medical And Rehabilitation Hospital | D50: Jonathan Still, MD | E50: 1 | G50: 1 | H50: =F50/G50 -> 0
B51: qa_new | C51: Norfolk Community Service Board | D51: Ivor Purchas, MD | F51: 1 | G51: 1 | H51: =F51/G51 -> 1
B52: qa_new | C52: Olney Hamiltion Hospital | D52: Mark Mankins, MD | E52: 3 | F52: 2 | G52: 5 | H52: =F52/G52 -> 0.4
B53: qa_new | C53: Peterson Regional Medical Center | D53: Sylvester G Ramirez, MD | F53: 1 | G53: 1 | H53: =F53/G53 -> 1
B54: qa_new | C54: Adel M Sidky, MD FACC | D54: Adel M Sidky, MD FACC | E54: 3 | F54: 2 | G54: 5 | H54: =F54/G54 -> 0.4
B55: qa_new | C55: Stringfellow Memorial Hospital | D55: SUE YOUNG, DMD | E55: 1 | G55: 1 | H55: =F55/G55 -> 0
B56: qa_new | C56: Sterling Surgical Hospital | D56: ZACHARY DODD, MD | E56: 1 | G56: 1 | H56: =F56/G56 -> 0
B57: qa_new | C57: Miami Jewish Health Systems | D57: Manuel Ojeda, MD | F57: 1 | G57: 1 | H57: =F57/G57 -> 1
B58: qa_new Total | E58: 11 | F58: 8 | G58: 19 | H58: =F58/G58 -> 0.42105263
A59: Savitha Arun Total | E59: 12 | F59: 8 | G59: 20 | H59: =F59/G59 -> 0.4
A60: Chintul Sutaria | B60: mt_new | C60: Department Of Health Services - Wisconsin | D60: Joan R Nuttall, Ph.D | E60: 2 | G60: 2 | H60: =F60/G60 -> 0
B61: mt_new | C61: Department Of Health Services - Wisconsin | D61: Joseph Roe, PsyD | E61: 1 | G61: 1 | H61: =F61/G61 -> 0
B62: mt_new | C62: Department Of Health Services - Wisconsin | D62: Marc W Zylstra, PHD | E62: 1 | G62: 1 | H62: =F62/G62 -> 0
B63: mt_new | C63: Department Of Health Services - Wisconsin | D63: Shahida Munim, MD | F63: 1 | G63: 1 | H63: =F63/G63 -> 1
B64: mt_new | C64: Department Of Health Services - Wisconsin | D64: Thomas S Lehmann, PHD | E64: 2 | G64: 2 | H64: =F64/G64 -> 0
B65: mt_new | C65: MEDICAL RESOURCE CENTER | D65: Jules J Barefoot, | E65: 1 | G65: 1 | H65: =F65/G65 -> 0
B66: mt_new | C66: North Suffolk Cardiology Associates | D66: Christopher M Cesa, MD | E66: 1 | G66: 1 | H66: =F66/G66 -> 0
B67: mt_new | C67: Sagebrush Medical Consultants | D67: Kurt L Reintjes, MD | E67: 1 | G67: 1 | H67: =F67/G67 -> 0
B68: mt_new Total | E68: 9 | F68: 1 | G68: 10 | H68: =F68/G68 -> 0.1
B69: qa_new | C69: Cardiology Associates Medical Group | D69: Alon A Steinberg, MD, FACC | F69: 1 | G69: 1 | H69: =F69/G69 -> 1
B70: qa_new | C70: Cardiology Associates Medical Group | D70: Jonathan Dukes, MD | F70: 1 | G70: 1 | H70: =F70/G70 -> 1
B71: qa_new | C71: Department Of Health Services - Wisconsin | D71: David Radovich, Psy.D | E71: 1 | G71: 1 | H71: =F71/G71 -> 0
B72: qa_new | C72: Department Of Health Services - Wisconsin | D72: Mary Law, Psy. D | E72: 1 | G72: 1 | H72: =F72/G72 -> 0
B73: qa_new | C73: Department Of Health Services - Wisconsin | D73: Travis Hinze, Ph.D. | E73: 1 | G73: 1 | H73: =F73/G73 -> 0
B74: qa_new | C74: Olney Hamiltion Hospital | D74: Mark Mankins, MD | F74: 1 | G74: 1 | H74: =F74/G74 -> 1
B75: qa_new | C75: Sagebrush Medical Consultants | D75: Kurt L Reintjes, MD | E75: 1 | G75: 1 | H75: =F75/G75 -> 0
B76: qa_new | C76: Fred V Lause, DPM | D76: Fred V Lause, DPM | E76: 1 | F76: 1 | G76: 2 | H76: =F76/G76 -> 0.5
B77: qa_new | C77: Sterling Surgical Hospital | D77: FERNANDO NUSSENBAUM, MD | E77: 1 | G77: 1 | H77: =F77/G77 -> 0
B78: qa_new | C78: Cassol Eye | D78: Mark Cassol, M.D. | E78: 1 | G78: 1 | H78: =F78/G78 -> 0
B79: qa_new | C79: The Klingberg Family Centers | D79: Marianne Wudarsky, MD, PhD | E79: 1 | G79: 1 | H79: =F79/G79 -> 0
B80: qa_new | C80: Miami Jewish Health Systems | D80: Manuel Ojeda, MD | E80: 1 | F80: 2 | G80: 3 | H80: =F80/G80 -> 0.66666667
B81: qa_new Total | E81: 9 | F81: 6 | G81: 15 | H81: =F81/G81 -> 0.4
A82: Chintul Sutaria Total | E82: 18 | F82: 7 | G82: 25 | H82: =F82/G82 -> 0.28
A83: Pratheep Kumar | B83: mt_new | C83: Cardiology Associates Medical Group | D83: Brian Martinez, PAC | E83: 3 | F83: 1 | G83: 4 | H83: =F83/G83 -> 0.25
A84: Pratheep Kumar | B84: mt_new | C84: Cardiology Associates Medical Group | D84: Jeffrey C Brackett, MD, FACC | E84: 3 | F84: 4 | G84: 7 | H84: =F84/G84 -> 0.57142857
A85: Pratheep Kumar | B85: mt_new | C85: Cardiology Associates Medical Group | D85: Robert Sogomonian, MD | E85: 3 | G85: 3 | H85: =F85/G85 -> 0
A86: Pratheep Kumar | B86: mt_new | C86: Cardiology Associates Medical Group | D86: Shaun T Patel, MD FACC | E86: 1 | G86: 1 | H86: =F86/G86 -> 0
A87: Pratheep Kumar | B87: mt_new | C87: Cardiology Associates Medical Group | D87: Melissa Murillo, PA | E87: 1 | G87: 1 | H87: =F87/G87 -> 0
A88: Pratheep Kumar | B88: mt_new | C88: Department Of Health Services - Wisconsin | D88: Kurt L Reintjes, MD | E88: 2 | G88: 2 | H88: =F88/G88 -> 0
A89: Pratheep Kumar | B89: mt_new | C89: Department Of Health Services - Wisconsin | D89: Rebecca Flegner, PsyD | F89: 1 | G89: 1 | H89: =F89/G89 -> 1
A90: Pratheep Kumar | B90: mt_new | C90: Department Of Health Services - Wisconsin | D90: Scott Trippe, Psy.D. | E90: 1 | G90: 1 | H90: =F90/G90 -> 0
A91: Pratheep Kumar | B91: mt_new | C91: Stringfellow Memorial Hospital | D91: SUE YOUNG, DMD | E91: 1 | G91: 1 | H91: =F91/G91 -> 0
A92: Pratheep Kumar | B92: mt_new Total | E92: 15 | F92: 6 | G92: 21 | H92: =F92/G92 -> 0.28571429
A93: Pratheep Kumar Total | E93: 15 | F93: 6 | G93: 21 | H93: =F93/G93 -> 0.28571429
A94: Sandeep S | B94: mt_new | C94: Adirondack Medical Center | D94: Adam Abodeely, MD | E94: 1 | G94: 1 | H94: =F94/G94 -> 0
B95: mt_new | C95: Adirondack Medical Center | D95: Sabieli Kabeli, MD | E95: 3 | G95: 3 | H95: =F95/G95 -> 0
B96: mt_new | C96: Harmon Medical And Rehabilitation Hospital | D96: Austin Christensen, MD | E96: 2 | G96: 2 | H96: =F96/G96 -> 0
B97: mt_new | C97: Harmon Medical And Rehabilitation Hospital | D97: Kamran Khan, DO | E97: 1 | F97: 1 | G97: 2 | H97: =F97/G97 -> 0.5
B98: mt_new | C98: Hillsboro Area Hospital | D98: Blake Little, MD | E98: 3 | F98: 1 | G98: 4 | H98: =F98/G98 -> 0.25
B99: mt_new | C99: LA County | D99: IVET HARTONIAN, MD - PEDIATRICIAN | E99: 1 | G99: 1 | H99: =F99/G99 -> 0
B100: mt_new | C100: LA County | D100: ROBERT KAY, MD - ORTHOPEDIST | E100: 3 | G100: 3 | H100: =F100/G100 -> 0
...

Sheet Doctor
A2: T/F | B2: FALSE
A3: Audited Date | B3: (All)
D5: NoGo/Go
A6: Account_name | B6: Doctor | C6: Responsible_User_Name | D6: Go | E6: NoGo | F6: Grand Total
A7: Cardiology Associates Medical Group | B7: Jeffrey C Brackett, MD, FACC | C7: Shiny Iype | D7: 5 | E7: 3 | F7: 8
C8: Pratheep Kumar | D8: 3 | E8: 4 | F8: 7
C9: Tejas Patel | D9: 3 | E9: 2 | F9: 5
B10: Jeffrey C Brackett, MD, FACC Total | D10: 11 | E10: 9 | F10: 20
B11: Melissa Murillo, PA | C11: Shiny Iype | E11: 3 | F11: 3
C12: Tejas Patel | E12: 2 | F12: 2
C13: Pratheep Kumar | D13: 1 | F13: 1
B14: Melissa Murillo, PA Total | D14: 1 | E14: 5 | F14: 6
B15: Brian Martinez, PAC | C15: Pratheep Kumar | D15: 3 | E15: 1 | F15: 4
C16: Shiny Iype | E16: 2 | F16: 2
B17: Brian Martinez, PAC Total | D17: 3 | E17: 3 | F17: 6
B18: Craig Mansour, MD | C18: Shiny Iype | E18: 3 | F18: 3
B19: Craig Mansour, MD Total | E19: 3 | F19: 3
B20: Julie Morantz, PA | C20: Tejas Patel | D20: 7 | E20: 1 | F20: 8
B21: Julie Morantz, PA Total | D21: 7 | E21: 1 | F21: 8
B22: Alon A Steinberg, MD, FACC | C22: Chintul Sutaria | E22: 1 | F22: 1
B23: Alon A Steinberg, MD, FACC Total | E23: 1 | F23: 1
B24: Jonathan Dukes, MD | C24: Chintul Sutaria | E24: 1 | F24: 1
B25: Jonathan Dukes, MD Total | E25: 1 | F25: 1
B26: Robert Sogomonian, MD | C26: Pratheep Kumar | D26: 3 | F26: 3
B27: Robert Sogomonian, MD Total | D27: 3 | F27: 3
B28: Shaun T Patel, MD FACC | C28: Tejas Patel | D28: 2 | F28: 2
C29: Pratheep Kumar | D29: 1 | F29: 1
B30: Shaun T Patel, MD FACC Total | D30: 3 | F30: 3
A31: Cardiology Associates Medical Group Total | D31: 28 | E31: 23 | F31: 51
A32: Peterson Regional Medical Center | B32: Melissa G Wampler, MD | C32: Usha M | E32: 1 | F32: 1
B33: Melissa G Wampler, MD Total | E33: 1 | F33: 1
B34: Sylvester G Ramirez, MD | C34: Savitha Arun | E34: 1 | F34: 1
B35: Sylvester G Ramirez, MD Total | E35: 1 | F35: 1
B36: Paul Valenza, DPM | C36: Usha M | E36: 1 | F36: 1
C37: Sandeep S | D37: 1 | F37: 1
B38: Paul Valenza, DPM Total | D38: 1 | E38: 1 | F38: 2
B39: Kara E Whittington, DDS | C39: Usha M | D39: 1 | F39: 1
C40: Sandeep S | E40: 1 | F40: 1
B41: Kara E Whittington, DDS Total | D41: 1 | E41: 1 | F41: 2
B42: Mark P Goldman, PhD | C42: Vijay Babu | D42: 1 | F42: 1
C43: Usha M | E43: 1 | F43: 1
B44: Mark P Goldman, PhD Total | D44: 1 | E44: 1 | F44: 2
B45: James A Young, MD | C45: Sandeep S | D45: 1 | F45: 1
B46: James A Young, MD Total | D46: 1 | F46: 1
B47: Ryan J Veurink, MD | C47: Usha M | D47: 1 | F47: 1
B48: Ryan J Veurink, MD Total | D48: 1 | F48: 1
B49: Ralph J Fritzsch, MD | C49: Usha M | D49: 1 | F49: 1
C50: Sandeep S | D50: 1 | F50: 1
B51: Ralph J Fritzsch, MD Total | D51: 2 | F51: 2
B52: Emmett R Mackan, MD | C52: Usha M | D52: 2 | F52: 2
C53: Sandeep S | D53: 1 | F53: 1
B54: Emmett R Mackan, MD Total | D54: 3 | F54: 3
B55: Michael E Guerra, MD | C55: Usha M | D55: 1 | F55: 1
B56: Michael E Guerra, MD Total | D56: 1 | F56: 1
A57: Peterson Regional Medical Center Total | D57: 11 | E57: 5 | F57: 16
A58: Fred V Lause, DPM | B58: Fred V Lause, DPM | C58: Shiny Iype | E58: 4 | F58: 4
C59: Chintul Sutaria | D59: 1 | E59: 1 | F59: 2
B60: Fred V Lause, DPM Total | D60: 1 | E60: 5 | F60: 6
A61: Fred V Lause, DPM Total | D61: 1 | E61: 5 | F61: 6
A62: Adirondack Medical Center | B62: William Smith, MD | C62: Vijay Babu | D62: 2 | E62: 1 | F62: 3
C63: Usha M | D63: 1 | E63: 1 | F63: 2
B64: William Smith, MD Total | D64: 3 | E64: 2 | F64: 5
B65: John Decker, MD | C65: Vijay Babu | D65: 3 | E65: 1 | F65: 4
C66: Savitha Arun | E66: 1 | F66: 1
C67: Usha M | D67: 1 | F67: 1
B68: John Decker, MD Total | D68: 4 | E68: 2 | F68: 6
B69: Eve Burns, MD | C69: Vijay Babu | D69: 1 | F69: 1
C70: Usha M | E70: 1 | F70: 1
B71: Eve Burns, MD Total | D71: 1 | E71: 1 | F71: 2
B72: Daniel Zakhary, MD | C72: Vijay Babu | D72: 1 | F72: 1
B73: Daniel Zakhary, MD Total | D73: 1 | F73: 1
B74: Sabieli Kabeli, MD | C74: Sandeep S | D74: 3 | F74: 3
C75: Vijay Babu | D75: 1 | F75: 1
B76: Sabieli Kabeli, MD Total | D76: 4 | F76: 4
B77: Adam Abodeely, MD | C77: Vijay Babu | D77: 3 | F77: 3
C78: Sandeep S | D78: 1 | F78: 1
B79: Adam Abodeely, MD Total | D79: 4 | F79: 4
B80: Jeffrey Dodge, DO | C80: Vijay Babu | D80: 2 | F80: 2
C81: Usha M | D81: 1 | F81: 1
B82: Jeffrey Dodge, DO Total | D82: 3 | F82: 3
A83: Adirondack Medical Center Total | D83: 20 | E83: 5 | F83: 25
A84: Department Of Health Services - Wisconsin | B84: Mark Pushkash, Ph.D. | C84: Tejas Patel | D84: 1 | E84: 2 | F84: 3
C85: Vijay Babu | D85: 1 | F85: 1
B86: Mark Pushkash, Ph.D. Total | D86: 2 | E86: 2 | F86: 4
B87: Rebecca Flegner, PsyD | C87: Pratheep Kumar | E87: 1 | F87: 1
B88: Rebecca Flegner, PsyD Total | E88: 1 | F88: 1
B89: Shahida Munim, MD | C89: Chintul Sutaria | E89: 1 | F89: 1
B90: Shahida Munim, MD Total | E90: 1 | F90: 1
B91: Scott Trippe, Psy.D. | C91: Shiny Iype | E91: 1 | F91: 1
C92: Pratheep Kumar | D92: 1 | F92: 1
B93: Scott Trippe, Psy.D. Total | D93: 1 | E93: 1 | F93: 2
B94: David Radovich, Psy.D | C94: Tejas Patel | D94: 2 | F94: 2
C95: Chintul Sutaria | D95: 1 | F95: 1
B96: David Radovich, Psy.D Total | D96: 3 | F96: 3
B97: Travis Hinze, Ph.D. | C97: Chintul Sutaria | D97: 1 | F97: 1
B98: Travis Hinze, Ph.D. Total | D98: 1 | F98: 1
B99: Joan R Nuttall, Ph.D | C99: Chintul Sutaria | D99: 2 | F99: 2
B100: Joan R Nuttall, Ph.D Total | D100: 2 | F100: 2
B101: Joseph Roe, PsyD | C101: Chintul Sutaria | D101: 1 | F101: 1
B102: Joseph Roe, PsyD Total | D102: 1 | F102: 1
...

Sheet Error Details 
A3: Responsible_User_Status | B3: (All)
A4: Responsible_User_Name | B4: (All)
A6: Error Name | B6: Total Error occurrences
A7: Major-Incorrect Text/Gender/Names | B7: 95
A8: Major-Omitted/Inserted Text | B8: 33
A9: Major-Spelling Error | B9: 3
A10: Major-Drug/Medical Error | B10: 4
A11: Major-Demographics/Formatting/Protocol | B11: 1
A12: Major-Number/Value/Dates | B12: 16
A13: Grand Total | B13: 152

Sheet Responsible MT Details
F2: T/F | G2: FALSE
B3: Occurrences of Error | C3: UserStatus
B4: Responsible User Name / Error Name | C4: mt_new | D4: Grand Total
B5: Shiny Iype | C5: 47 | D5: 47 | F5: User Name | G5: Go | H5: NoGo | I5: Grand Total
B6: Major-Omitted/Inserted Text | C6: 23 | D6: 23 | F6: mt_new
B7: Major-Incorrect Text/Gender/Names | C7: 18 | D7: 18 | F7: Usha M | G7: 15 | H7: 10 | I7: 25
B8: Major-Number/Value/Dates | C8: 5 | D8: 5 | F8: Tejas Patel | G8: 17 | H8: 8 | I8: 25
B9: Major-Spelling Error | C9: 1 | D9: 1 | F9: Sivasankari A | G9: 23 | H9: 2 | I9: 25
B10: Tejas Patel | C10: 22 | D10: 22 | F10: Shiny Iype | G10: 8 | H10: 17 | I10: 25
B11: Major-Incorrect Text/Gender/Names | C11: 15 | D11: 15 | F11: Sandeep S | G11: 20 | H11: 5 | I11: 25
B12: Major-Number/Value/Dates | C12: 5 | D12: 5 | F12: Gopal Rajith | G12: 23 | H12: 1 | I12: 24
B13: Major-Omitted/Inserted Text | C13: 2 | D13: 2 | F13: Vijay Babu | G13: 21 | H13: 2 | I13: 23
B14: Usha M | C14: 21 | D14: 21 | F14: Pratheep Kumar | G14: 15 | H14: 6 | I14: 21
B15: Major-Incorrect Text/Gender/Names | C15: 16 | D15: 16 | F15: Chintul Sutaria | G15: 9 | H15: 1 | I15: 10
B16: Major-Omitted/Inserted Text | C16: 2 | D16: 2 | F16: Savitha Arun | G16: 1 | I16: 1
B17: Major-Demographics/Formatting/Protocol | C17: 1 | D17: 1 | F17: Grand Total | G17: 152 | H17: 52 | I17: 204
B18: Major-Number/Value/Dates | C18: 1 | D18: 1
B19: Major-Spelling Error | C19: 1 | D19: 1
B20: Pratheep Kumar | C20: 13 | D20: 13
B21: Major-Incorrect Text/Gender/Names | C21: 9 | D21: 9
B22: Major-Omitted/Inserted Text | C22: 3 | D22: 3
B23: Major-Number/Value/Dates | C23: 1 | D23: 1
B24: Sivasankari A | C24: 7 | D24: 7
B25: Major-Incorrect Text/Gender/Names | C25: 5 | D25: 5
B26: Major-Drug/Medical Error | C26: 1 | D26: 1
B27: Major-Omitted/Inserted Text | C27: 1 | D27: 1
B28: Vijay Babu | C28: 7 | D28: 7
B29: Major-Incorrect Text/Gender/Names | C29: 5 | D29: 5
... B42: Grand Total | C42: 130 | D42: 130

Sheet Responsible QA Details
B1: T/F | C1: FALSE
B2: Responsible_User_Status | C2: (All) | J2: Responsible_User_Status | K2: qa_new
F4: NoGo/Go | J4: Responsible User / Error Name | K4: Error Type
B5: Responsible_User_Name | C5: First_Touch-1 | D5: Account_name | E5: Doctor | F5: Go | G5: NoGo | H5: Grand Total | J5: Major-Incorrect Text/Gender/Names
B6: Shiny Iype | C6: Shiny Iype | D6: Auburn Community Hospital | E6: Daniel Alexander, MD | F6: 1 | G6: 1 | H6: 2 | J6: Savitha Arun | K6: 11
E7: Kathi F Teixeira, MD | F7: 1 | H7: 1 | J7: Chintul Sutaria | K7: 7
D8: Auburn Community Hospital Total | F8: 2 | G8: 1 | H8: 3 | J8: Major-Drug/Medical Error
D9: Cardiology Associates Medical Group | E9: Brian Martinez, PAC | G9: 2 | H9: 2 | J9: Savitha Arun | K9: 1
E10: Craig Mansour, MD | G10: 3 | H10: 3 | J10: Vijay Babu | K10: 1
E11: Jeffrey C Brackett, MD, FACC | F11: 5 | G11: 3 | H11: 8 | J11: Major-Number/Value/Dates
E12: Melissa Murillo, PA | G12: 3 | H12: 3 | J12: Chintul Sutaria | K12: 1
D13: Cardiology Associates Medical Group Total | F13: 5 | G13: 11 | H13: 16 | J13: Major-Omitted/Inserted Text
D14: Department Of Health Services - Wisconsin | E14: Scott Trippe, Psy.D. | G14: 1 | H14: 1 | J14: Savitha Arun | K14: 1
D15: Department Of Health Services - Wisconsin Total | G15: 1 | H15: 1 | J15: Grand Total | K15: 22
D16: Fred V Lause, DPM | E16: Fred V Lause, DPM | G16: 4 | H16: 4
D17: Fred V Lause, DPM Total | G17: 4 | H17: 4
D18: MEDICAL RESOURCE CENTER | E18: Jules J Barefoot, | F18: 1 | H18: 1
D19: MEDICAL RESOURCE CENTER Total | F19: 1 | H19: 1
C20: Shiny Iype Total | F20: 8 | G20: 17 | H20: 25
B21: Shiny Iype Total | F21: 8 | G21: 17 | H21: 25
B22: Usha M | C22: Usha M | D22: Adirondack Medical Center | E22: Eve Burns, MD | G22: 1 | H22: 1
E23: Jeffrey Dodge, DO | F23: 1 | H23: 1
E24: John Decker, MD | F24: 1 | H24: 1
E25: William Smith, MD | F25: 1 | G25: 1 | H25: 2
D26: Adirondack Medical Center Total | F26: 3 | G26: 2 | H26: 5
D27: Harmon Medical And Rehabilitation Hospital | E27: Gnaneswer Billakanti, MD | F27: 1 | H27: 1
D28: Harmon Medical And Rehabilitation Hospital Total | F28: 1 | H28: 1
D29: Hillsboro Area Hospital | E29: Blake Little, MD | G29: 1 | H29: 1
E30: Joel Wietfeldt, MD | G30: 1 | H30: 1
E31: Joseph Blaser, DO | F31: 4 | H31: 4
D32: Hillsboro Area Hospital Total | F32: 4 | G32: 2 | H32: 6
D33: Peterson Regional Medical Center | E33: Emmett R Mackan, MD | F33: 2 | H33: 2
E34: Kara E Whittington, DDS | F34: 1 | H34: 1
E35: Mark P Goldman, PhD | G35: 1 | H35: 1
E36: Melissa G Wampler, MD | G36: 1 | H36: 1
E37: Michael E Guerra, MD | F37: 1 | H37: 1
E38: Paul Valenza, DPM | G38: 1 | H38: 1
E39: Ralph J Fritzsch, MD | F39: 1 | H39: 1
E40: Ryan J Veurink, MD | F40: 1 | H40: 1
D41: Peterson Regional Medical Center Total | F41: 6 | G41: 3 | H41: 9
D42: Sterling Surgical Hospital | E42: Christopher Sanchez, MD | F42: 1 | H42: 1
E43: John Chip Davis, MD | G43: 1 | H43: 1
D44: Sterling Surgical Hospital Total | F44: 1 | G44: 1 | H44: 2
D45: Stringfellow Memorial Hospital | E45: JEFFREY LAWLER, MD | G45: 2 | H45: 2
D46: Stringfellow Memorial Hospital Total | G46: 2 | H46: 2
C47: Usha M Total | F47: 15 | G47: 10 | H47: 25
B48: Usha M Total | F48: 15 | G48: 10 | H48: 25
B49: Tejas Patel | C49: Tejas Patel | D49: Cardiology Associates Medical Group | E49: Jeffrey C Brackett, MD, FACC | F49: 3 | G49: 2 | H49: 5
E50: Julie Morantz, PA | F50: 7 | G50: 1 | H50: 8
E51: Melissa Murillo, PA | G51: 2 | H51: 2
E52: Shaun T Patel, MD FACC | F52: 2 | H52: 2
D53: Cardiology Associates Medical Group Total | F53: 12 | G53: 5 | H53: 17
D54: Department Of Health Services - Wisconsin | E54: Brian Allen, DO | F54: 1 | H54: 1
E55: David Radovich, Psy.D | F55: 2 | H55: 2
E56: Mark Pushkash, Ph.D. | F56: 1 | G56: 2 | H56: 3
E57: Ward Jankus, MD | F57: 1 | H57: 1
D58: Department Of Health Services - Wisconsin Total | F58: 5 | G58: 2 | H58: 7
D59: MEDICAL RESOURCE CENTER | E59: Jules J Barefoot, | G59: 1 | H59: 1
D60: MEDICAL RESOURCE CENTER Total | G60: 1 | H60: 1
C61: Tejas Patel Total | F61: 17 | G61: 8 | H61: 25
B62: Tejas Patel Total | F62: 17 | G62: 8 | H62: 25
B63: Savitha Arun | C63: Devi Balu | D63: Coronado Ridge Nursing and Rehab Center | E63: Reydel B Alvarez, NP-C | F63: 1 | H63: 1
D64: Coronado Ridge Nursing and Rehab Center Total | F64: 1 | H64: 1
D65: Olney Hamiltion Hospital | E65: Mark Mankins, MD | F65: 1 | G65: 1 | H65: 2
D66: Olney Hamiltion Hospital Total | F66: 1 | G66: 1 | H66: 2
C67: Devi Balu Total | F67: 2 | G67: 1 | H67: 3
C68: Gopal Rajith | D68: Miami Jewish Health Systems | E68: Manuel Ojeda, MD | G68: 1 | H68: 1
D69: Miami Jewish Health Systems Total | G69: 1 | H69: 1
D70: Olney Hamiltion Hospital | E70: Mark Mankins, MD | F70: 2 | G70: 1 | H70: 3
D71: Olney Hamiltion Hospital Total | F71: 2 | G71: 1 | H71: 3
D72: Stringfellow Memorial Hospital | E72: SUE YOUNG, DMD | F72: 1 | H72: 1
D73: Stringfellow Memorial Hospital Total | F73: 1 | H73: 1
C74: Gopal Rajith Total | F74: 3 | G74: 2 | H74: 5
C75: Manoj Kumar | D75: Sterling Surgical Hospital | E75: ZACHARY DODD, MD | F75: 1 | H75: 1
D76: Sterling Surgical Hospital Total | F76: 1 | H76: 1
C77: Manoj Kumar Total | F77: 1 | H77: 1
C78: Nitheesh C | D78: Adel M Sidky, MD FACC | E78: Adel M Sidky, MD FACC | F78: 2 | H78: 2
D79: Adel M Sidky, MD FACC Total | F79: 2 | H79: 2
C80: Nitheesh C Total | F80: 2 | H80: 2
C81: Prasanth Sivan | D81: Adel M Sidky, MD FACC | E81: Adel M Sidky, MD FACC | F81: 1 | H81: 1
D82: Adel M Sidky, MD FACC Total | F82: 1 | H82: 1
D83: Harmon Medical And Rehabilitation Hospital | E83: Jonathan Still, MD | F83: 1 | H83: 1
D84: Harmon Medical And Rehabilitation Hospital Total | F84: 1 | H84: 1
C85: Prasanth Sivan Total | F85: 2 | H85: 2
C86: Sandeep S | D86: Adel M Sidky, MD FACC | E86: Adel M Sidky, MD FACC | F86: 1 | G86: 2 | H86: 3
D87: Adel M Sidky, MD FACC Total | F87: 1 | G87: 2 | H87: 3
D88: Peterson Regional Medical Center | E88: Sylvester G Ramirez, MD | G88: 1 | H88: 1
D89: Peterson Regional Medical Center Total | G89: 1 | H89: 1
C90: Sandeep S Total | F90: 1 | G90: 3 | H90: 4
C91: Sivasankari A | D91: Field Memorial Community Hospital | E91: Richard Field, III, M.D. | F91: 1 | H91: 1
D92: Field Memorial Community Hospital Total | F92: 1 | H92: 1
D93: Norfolk Community Service Board | E93: Ivor Purchas, MD | G93: 1 | H93: 1
D94: Norfolk Community Service Board Total | G94: 1 | H94: 1
C95: Sivasankari A Total | F95: 1 | G95: 1 | H95: 2
C96: Usha M | D96: Adirondack Medical Center | E96: John Decker, MD | G96: 1 | H96: 1
D97: Adirondack Medical Center Total | G97: 1 | H97: 1
C98: Usha M Total | G98: 1 | H98: 1
B99: Savitha Arun Total | F99: 12 | G99: 8 | H99: 20
B100: Chintul Sutaria | C100: Chintul Sutaria | D100: Department Of Health Services - Wisconsin | E100: Joan R Nuttall, Ph.D | F100: 2 | H100: 2
E101: Joseph Roe, PsyD | F101: 1 | H101: 1
...

Sheet Tejas Patel's Error Details
A1: Auditor_name | B1: Devang Thakkar
A2: T/F | B2: FALSE
A4: Total_error_type_receiver_by_auditor | B4: Hospital Names
B5: DHS | E5: AMC | L5: RMCA | P5: LAC | T5: CAMG | U5: OHH | W5: NCSB | AB5: HMRH | AD5: MRC | AE5: PRMC | AG5: Auburn HIM | AH5: SMH | AI5: HAH | AK5: FVLD | AL5: SSH | AM5: MJHS | AO5: CRNRC | AQ5: HHRC | AR5: TKFC | AS5: SMCO | AU5: AMS | AV5: Grand Total
A6: Responsible User Name / Error Name | B6: PSYCHOLOGICAL REPORT | C6: Internal Medicine | D6: Dr Jankus Ortho | E6: ENT Clinic History and Physical | F6: Generic Operative Report | G6: Discharge Summary | H6: History and Physical | I6: SLEEP STUDY | J6: ENT Clinic Follow-Up | K6: STRESS TEST REPORT | L6: RMCA_OP | M6: RMCA_SLEEP_STUDY | N6: RMCA_NUCLEAR_STRESS | O6: RMCA_PFT | P6: LONGBEACH_Clinic Notes | Q6: GLENDALE_Clinic Notes | R6: GARDENA_Clinic Notes | S6: SANPEDRO_Clinic Notes | T6: CAMG_OV | U6: Clinic Template (OHH) | V6: Discharge Summary (OHH) | W6: Integrated Care Unit_Progress Note_3 | X6: PACT_Progress Note 2 | Y6: SA_Progress Note | Z6: Pediatric_Initial Psychiatric Evaluation | AA6: Cost Center CAS ICARE | AB6: Psychiatric Assessment | AC6: History & Physical | AD6: Independent Medical Examination | AE6: Operative Report | AF6: Consultation | AG6: Operative Report | AH6: Operative Report | AI6: HAH_OP | AJ6: HAH_SLEEP | AK6: Office Visits | AL6: Operative Report | AM6: Progress Note (Nursing Home) | AN6: History and Physical (Nursing Home) | AO6: Consultation | AP6: Discharge Summary | AQ6: History & Physical | AR6: OV | AS6: NEUROLOGY EXAM | AT6: Internal Medicine | AU6: Office Visit
A7: Minor-Punctuation/Grammar/Feedback | B7: 62 | C7: 6 | D7: 5 | E7: 1 | F7: 23 | G7: 4 | H7: 1 | I7: 1 | J7: 2 | K7: 2 | L7: 3 | M7: 2 | N7: 1 | O7: 1 | P7: 3 | Q7: 1 | R7: 2 | S7: 1 | T7: 119 | U7: 16 | V7: 8 | W7: 3 | X7: 5 | Y7: 2 | Z7: 4 | AA7: 6 | AB7: 9 | AC7: 4 | AD7: 15 | AE7: 13 | AF7: 2 | AG7: 10 | AH7: 2 | AI7: 2 | AJ7: 1 | AK7: 16 | AL7: 6 | AM7: 2 | AN7: 2 | AO7: 2 | AP7: 9 | AQ7: 4 | AR7: 5 | AS7: 1 | AU7: 2 | AV7: 391
A8: Shiny Iype | B8: 18 | T8: 63 | AD8: 4 | AG8: 10 | AK8: 9 | AV8: 104
A9: Chintul Sutaria | B9: 20 | C9: 2 | T9: 10 | V9: 8 | AD9: 4 | AK9: 7 | AM9: 2 | AN9: 2 | AR9: 5 | AS9: 1 | AV9: 61
A10: Tejas Patel | B10: 17 | D10: 5 | T10: 19 | AD10: 7 | AV10: 48
A11: Savitha Arun | F11: 4 | U11: 16 | Y11: 2 | AB11: 2 | AE11: 3 | AL11: 4 | AP11: 9 | AU11: 2 | AV11: 42
A12: Pratheep Kumar | B12: 6 | C12: 4 | T12: 27 | AV12: 37
A13: Usha M | E13: 1 | F13: 6 | G13: 2 | AC13: 1 | AE13: 7 | AF13: 1 | AH13: 2 | AL13: 2 | AV13: 22
A14: Vijay Babu | B14: 1 | F14: 13 | H14: 1 | J14: 2 | K14: 2 | AI14: 2 | AV14: 21
A15: Gopal Rajith | L15: 3 | M15: 2 | N15: 1 | O15: 1 | AB15: 6 | AO15: 2 | AQ15: 4 | AV15: 19
A16: Sandeep S | G16: 2 | I16: 1 | P16: 3 | Q16: 1 | R16: 2 | S16: 1 | AB16: 1 | AC16: 3 | AE16: 3 | AF16: 1 | AJ16: 1 | AV16: 19
A17: Sivasankari A | W17: 3 | X17: 5 | Z17: 4 | AA17: 6 | AV17: 18
A18: Major-Incorrect Text/Gender/Names | B18: 2 | L18: 1 | W18: 2 | AE18: 1 | AI18: 2 | AM18: 1 | AV18: 9
A19: Sivasankari A | W19: 2 | AV19: 2
A20: Usha M | AI20: 2 | AV20: 2
A21: Sandeep S | AE21: 1 | AV21: 1
A22: Chintul Sutaria | B22: 1 | AV22: 1
A23: Tejas Patel | B23: 1 | AV23: 1
A24: Savitha Arun | AM24: 1 | AV24: 1
A25: Gopal Rajith | L25: 1 | AV25: 1
A26: Major-Number/Value/Dates | T26: 1 | AF26: 2 | AJ26: 1 | AT26: 1 | AV26: 5
A27: Sandeep S | AJ27: 1 | AV27: 1
A28: Vijay Babu | AF28: 1 | AV28: 1
A29: Chintul Sutaria | AT29: 1 | AV29: 1
A30: Shiny Iype | T30: 1 | AV30: 1
A31: Usha M | AF31: 1 | AV31: 1
A32: Major-Drug/Medical Error | J32: 1 | AV32: 1
A33: Vijay Babu | J33: 1 | AV33: 1
A34: Major-Demographics/Formatting/Protocol | AJ34: 1 | AV34: 1
A35: Usha M | AJ35: 1 | AV35: 1
A36: Major-Omitted/Inserted Text | W36: 1 | AV36: 1
A37: Sivasankari A | W37: 1 | AV37: 1
A38: Grand Total | B38: 64 | C38: 6 | D38: 5 | E38: 1 | F38: 23 | G38: 4 | H38: 1 | I38: 1 | J38: 3 | K38: 2 | L38: 4 | M38: 2 | N38: 1 | O38: 1 | P38: 3 | Q38: 1 | R38: 2 | S38: 1 | T38: 120 | U38: 16 | V38: 8 | W38: 6 | X38: 5 | Y38: 2 | Z38: 4 | AA38: 6 | AB38: 9 | AC38: 4 | AD38: 15 | AE38: 14 | AF38: 4 | AG38: 10 | AH38: 2 | AI38: 4 | AJ38: 3 | AK38: 16 | AL38: 6 | AM38: 3 | AN38: 2 | AO38: 2 | AP38: 9 | AQ38: 4 | AR38: 5 | AS38: 1 | AT38: 1 | AU38: 2 | AV38: 408

Sheet Group
A1: Sr.No | B1: Account NAme | C1: Hospital Initial | D1: India MTTL | E1: US MTTL | F1: Top 25 | G1: Group | H1: New Initial
A2: 1 | B2: Alice Hyde Memorial Hospital | C2: AHMH | D2: Aneesh | E2: Jerri | F2: Top 25 | G2: Top 25 | H2: AHMH
A3: =A2+1 -> 2 | B3: Adirondack Medical Center | C3: AMC | D3: Aneesh | E3: Jerri | F3: Top 25 | G3: AMC Group | H3: AMC
A4: =A3+1 -> 3 | B4: Amiel Levin MD | C4: AML | D4: Harsh | E4: Jerri | F4: Others | G4: Others | H4: Others
A5: =A4+1 -> 4 | B5: Anderson Regional Medical Center | C5: ARMC | D5: Ankit | E5: Jerri | F5: Others | G5: Others | H5: Others
A6: =A5+1 -> 5 | B6: Auburn Community Hospital | C6: Auburn HIM | D6: Ankit | E6: Jerri | F6: Others | G6: Others | H6: Auburn HIM
A7: =A6+1 -> 6 | B7: Barlow Respiratory Hospital | C7: BRH | D7: Ankit | E7: Jerri | F7: Others | G7: Others | H7: BRH
A8: =A7+1 -> 7 | B8: Cardiology Associates Medical Group | C8: CAMG | D8: Harsh | E8: Jerri | F8: Top 25 | G8: Top 25 | H8: CAMG
A9: =A8+1 -> 8 | B9: Crenshaw Community Hospital | C9: CCH | D9: Ankit | E9: Jerri | F9: Top 25 | G9: Top 25 | H9: CCH
A10: =A9+1 -> 9 | B10: Charles Cole Memorial Hospital | C10: CCM | D10: Ankit | E10: Jerri | F10: Top 25 | G10: Top 25 | H10: CCM
A11: =A10+1 -> 10 | B11: Central Desert Behavioral Health Ct | C11: CDBHC | D11: Aneesh | E11: Jerri | F11: Top 25 | G11: Fundamental | H11: Fundamental
A12: =A11+1 -> 11 | B12: Coon Memorial Hospital | C12: COON | D12: Harsh | E12: Jerri | F12: Others | G12: Others | H12: Others
A13: =A12+1 -> 12 | B13: Copiah County Medical Center | C13: COPIAH | D13: Purvang | E13: Jerri | F13: Others | G13: Others | H13: Copiah
A14: =A13+1 -> 13 | B14: The Central Ohio Urology | C14: COUG | D14: Harsh | E14: Jerri | F14: Others | G14: COUG Group | H14: COUG
... A69: =A68+1 -> 68 | B69: Wyoming State Hospital | C69: WSH | D69: Aneesh | E69: Jerri | F69: Others | G69: Others | H69: Others
A70: =A69+1 -> 69 | B70: Mmodal | C70: Mmodal | D70: Ankit | F70: Top 25 | G70: Top 25 | H70: 0
A71: =A70+1 -> 70 | B71: Wellstar | C71: Wellstar | D71: Ankit | H71: 0
A72: =A71+1 -> 71 | B72: Dr Askins | C72: DRASK | D72: Harsh | E72: Jerri | F72: Others | G72: Others | H72: Others
A73: =A72+1 -> 72 | B73: Nemours Children's Specialty Care Clinic | C73: NCSCC | D73: Harsh | E73: Jerri | F73: Others | G73: Others | H73: Others
A74: =A73+1 -> 73 | B74: Sweeney Spine | C74: SWS | D74: Harsh | E74: Jerri | F74: Others | G74: Others | H74: Others
A75: =A74+1 -> 74 | B75: Elena Antonelli, MD | C75: EAM | D75: Ankit | E75: Jerri | F75: Others | G75: Others | H75: Others
A76: =A75+1 -> 75 | B76: Fred V Lause, DPM | C76: FVLD | D76: Ankit | E76: Jerri | F76: Others | G76: Others | H76: Others
A77: =A76+1 -> 76 | B77: Springfield Trauma Counseling Center | C77: STCC | D77: Harsh | E77: Jerri | F77: Others | G77: Others | H77: Others
A78: =A77+1 -> 77 | B78: Brian Gruber, MD | C78: BRIAN | D78: Harsh | E78: Jerri | F78: Others | G78: Others | H78: Others
A79: =A78+1 -> 78 | B79: UT Health Austin | C79: UTHA | D79: Harsh | E79: Jerri | F79: Others | G79: Others | H79: Others
A80: =A79+1 -> 79 | B80: The Klingberg Family Centers | C80: TKFC | D80: Harsh | E80: Jerri | F80: Others | G80: Others | H80: Others
A81: =A80+1 -> 80 | B81: NORTH CHICAGO, FHCC | C81: NHC | D81: Aneesh | E81: Jerri | F81: Others | G81: Others | H81: Others
A82: =A81+1 -> 81 | B82: SALEM VA MEDICAL CENTER | C82: SMC | D82: Purvang | E82: Jerri | F82: Others | G82: Others | H82: Others
A83: =A82+1 -> 82 | B83: Aerete Integrative Medicine | C83: AIM | D83: Aneesh | E83: Jerri | F83: Others | G83: Others | H83: Others
... A147: =A146+1 -> 146 | B147: WILMINGTON | C147: WNN | D147: Ankit | E147: Jerri | F147: Alpha Transcription | G147: Alpha Transcription | H147: Others
A148: =A147+1 -> 147 | B148: Noelle Thomas, MD | C148: NTS | D148: Aneesh | E148: Jerri | F148: Others | G148: Others | H148: #N/A
A149: =A148+1 -> 148 | B149: LA County GT | C149: LAGT | D149: Harsh | E149: Jerri | F149: Others | G149: Others | H149: Others
A150: =A149+1 -> 149 | B150: LAS VEGAS | C150: LVS | D150: Ankit | E150: Jerri | F150: Alpha Transcription | G150: Alpha Transcription | H150: Others
A151: =A150+1 -> 150 | B151: Promise Healthcare | C151: PHE | D151: Ankit | E151: Jerri | F151: Others | G151: Others | H151: Others
A152: 151 | B152: Kentuckiana Medical Center | C152: KMC | D152: Harsh | E152: Jerri | F152: Others | G152: Others | H152: Others
A153: 152 | B153: Springbrook Behavioral Health System | C153: SBHS | D153: Harsh | E153: Jerri | F153: Others | G153: Others | H153: Others
A154: =A153+1 -> 153 | B154: Cassol Eye | C154: CEE | D154: Harsh | E154: Jerri | F154: Others | G154: Others | H154: Others
A155: =A154+1 -> 154 | B155: Sagebrush Medical Consultants | C155: SMCO | D155: Harsh | E155: Jerri | F155: Others | G155: Others | H155: Top 25
A156: =A155+1 -> 155 | B156: Barlow Respiratory Hospital VPH - 232 | C156: Barlow | D156: Harsh | E156: Jerri | F156: Top 25 | G156: Top 25 | H156: Top 25
A157: =A156+1 -> 156 | B157: WCMC - White County Medical Center Cardi | C157: WCMC | D157: Harsh | E157: Jerri | F157: Top 25 | G157: Top 25 | H157: Top 25
A158: =A157+1 -> 157 | B158: GMG - Gwinnett Medical Group | C158: GMG | D158: Harsh | E158: Jerri | F158: Top 25 | G158: Top 25 | H158: Top 25
A159: =A158+1 -> 158 | B159: AI Data | C159: AI Data | D159: Harsh | E159: Jerri | F159: Others | G159: Others | H159: Others
A160: =A159+1 -> 159 | B160: GREEN VALLEY HEALTH AND WELLNESS SUITES | C160: GHWS | D160: Aneesh | E160: Jerri | F160: Others | G160: AMC Group | H160: Others
A161: =A160+1 -> 160 | B161: Adam Transcription | C161: ATN | D161: Ankit | E161: Jerri | F161: Others | G161: Others | H161: Others
A162: 161 | B162: StatCare Pulmonary Consultants | C162: SPC | D162: Harsh | E162: Jerri | F162: Others | G162: Others | H162: Others
A163: 162 | B163: Injury-Care Associates LLC | C163: ICA | D163: Aneesh | E163: Jerri | F163: Others | G163: Others | H163: Others
A164: 163 | B164: emPower ASR | C164: Oracle | D164: Ankit | E164: Jerri | F164: Others | G164: Others | H164: Others
A165: =A164+1 -> 164 | B165: Terry Troutt MN CIME FAAPMR | C165: TTMC | D165: Ankit | E165: Jerri | F165: Others | G165: Others | H165: Others
A166: =A165+1 -> 165 | B166: Virginia Medical Consultants | C166: VMC | D166: Aneesh | E166: Jerri | F166: Others | G166: Others | H166: Others
A167: =A166+1 -> 166 | B167: Adel M Sidky, MD FACC | C167: AMS | D167: Aneesh | E167: Jerri | F167: Others | G167: Others | H167: AMS

Sheet others
A1: Sr. No | B1: EZMediscribes | C1: Name | D1: EZMediscribes | E1: Initials | F1: Target | G1: Desg | H1: Status | I1: Timing | J1: Shift | K1: Weekoff | L1: Primary | M1: Secondary | N1: Tertiary | O1: Location | P1: TL | Q1: Email id | R1: Personal Email ID | S1: Skype ID | T1: Mobile number
A2: 1 | B2: vvdeepak | C2: Deepak V | D2: vvdeepak | E2: idv-t | F2: 576 | G2: MTX - India | H2: DIRECT | I2: 9 p.m. to 5 a.m. | J2: Night | K2: Saturday/Sunday Alternate | L2: AMC | M2: PRMC | N2: IMPH, OIP | O2: Trivandrum | P2: Aneesh | Q2: deepak.v@cardioscribes.com | T2: 9633682450
A3: =+A2+1 -> 2 | B3: dileeps | C3: Dileep S | D3: dileeps | E3: ids-t | F3: 641 | G3: MTX - India | H3: DIRECT | I3: 5 a.m. to 2 p.m. | J3: Day | K3: Sunday-Monday Alternate | L3: AMC | M3: PRMC | N3: IMPH, GMHS, HAH, OIP, LAC, OUP | O3: Trivandrum | P3: Aneesh | Q3: dileep.s@cardioscribes.com | T3: 9847888449
A4: =+A3+1 -> 3 | B4: febinc | C4: Febin Clament | D4: febinc | E4: ifbc-t | F4: 500 | G4: MTX - India | H4: DIRECT | I4: 7 a.m. to 3 p.m. | J4: Day | K4: Sunday/Monday | L4: GMHS | M4: Fundamentals, IMPH, OIP, LAC | N4: NA | O4: Trivandrum | P4: Aneesh | Q4: febin.clament@cardioscribes.com | T4: 8606038897 / 8089759380
A5: =+A4+1 -> 4 | B5: giginp | C5: Gigin Prakash | D5: giginp | E5: igp-t | F5: 480 | G5: MTX - India | H5: DIRECT | I5: 7:30 a.m. to 3:30 p.m. | J5: Day | K5: Monday | L5: Fundamentals | M5: WSH | N5: OIP, IMPH | O5: Trivandrum | P5: Aneesh | Q5: giginmediscribes@gmail.com | T5: 9995251764
A6: =+A5+1 -> 5 | B6: lakshmi | C6: Lakshmi M | D6: lakshmi | E6: ila | F6: 454 | G6: MTx-India | H6: DIRECT | I6: 4:30 a.m. to 12:30 p.m. | J6: Day | K6: Sunday-Monday Alternate | L6: Fundamentals | M6: OUP | N6: WSH | O6: Trivandrum | P6: Aneesh | Q6: lakshmi.gm@cardioscribes.com | T6: 9495370068
A7: =+A6+1 -> 6 | B7: mercya | C7: MERCY ARUN | D7: mercya | E7: ima-t | F7: 1357 | G7: QA - India | H7: DIRECT | I7: 9 am to 6 pm | J7: Day | K7: Sunday-Monday Alternate | L7: AMC | M7: All TVM accounts | O7: Trivandrum | P7: Aneesh | Q7: mercy.arun@cardioscribes.com | T7: 9895343700
A8: =+A7+1 -> 7 | B8: nitheeshc | C8: Nitheesh C | D8: nitheeshc | E8: inc-t | F8: 750 | G8: MTX - India | H8: DIRECT | I8: 7 a.m. to 3 p.m. | J8: Day | K8: Saturday/Sunday Alternate | L8: AMC | M8: PRMC, IMPH | N8: GMHS, OIP, SRH | O8: Trivandrum | P8: Aneesh | Q8: nitheesh.c@cardioscribes.com | T8: 9037446942
A9: =+A8+1 -> 8 | B9: sprasanth | C9: Prasanth Sivan | D9: sprasanth | E9: ips-t | F9: 576 | G9: MTX - India | H9: DIRECT | I9: 5:30 a.m. to 2 p.m. | J9: Day | K9: Sunday-Monday Alternate | L9: AMC | M9: PRMC | N9: GMHS, OIP, IMPH | O9: Trivandrum | P9: Aneesh | Q9: prasanth.sivan@cardioscribes.com | T9: 8921645118
A10: =+A9+1 -> 9 | B10: rrenjini | C10: Renjini Raj | D10: rrenjini | E10: irr-t | F10: LINE COUNT | G10: MTX - India | H10: DIRECT | I10: 9 p.m. to 5 a.m. | J10: Night | K10: Sunday | L10: Fundamentals | M10: Copiah | N10: NA | O10: Trivandrum | P10: Aneesh | Q10: chellu_ren@yahoo.co.in | T10: 8129007920
A11: =+A10+1 -> 10 | B11: ssandeep | C11: Sandeep S | D11: ssandeep | E11: isan-t | F11: 683 | G11: MTX - India | H11: DIRECT | I11: 6:30 p.m. to 2:30 a.m. | J11: Day | K11: Sunday-Monday Alternate | L11: AMC | M11: PRMC | N11: IMPH, GMHS, SRH, OIP, LAC | O11: Trivandrum | P11: Aneesh | Q11: sandeep.s@cardioscribes.com | T11: 9747673817
A12: =+A11+1 -> 11 | B12: sarun | C12: SAVITHA ARUN | D12: sarun | E12: isar-t | F12: 1600 | G12: QA - India | H12: DIRECT | I12: 4:30 a.m. to 1 p.m. | J12: Day | K12: Sunday-Monday Alternate | L12: PRMC | M12: All TVM accounts | O12: Trivandrum | P12: Aneesh | Q12: savitha.arun@cardioscribes.com | T12: 8893252247
A13: =+A12+1 -> 12 | B13: vipins | C13: Vipin S | D13: vipins | E13: ivps-t | F13: 427 | G13: MTX - India | H13: DIRECT | I13: 4:30 a.m. to 12:30 p.m. | J13: Day | K13: Sunday-Monday Alternate | L13: Fundamentals | M13: WSH | N13: NA | O13: Trivandrum | P13: Aneesh | Q13: vipinvsprajapathy@gmail.com | T13: 9544421751
A14: =+A13+1 -> 13 | B14: jagranathj | C14: Jagranath Jha | D14: jagranathj | E14: ijj | F14: 682 | G14: MTX - India | H14: Needs QA | I14: 4 a.m. to 12 p.m. | J14: Day | K14: Sunday-Monday Alternate | L14: BRH | M14: COON/SHIFA | N14: NMH/CCH/CCM | O14: Ahmedabad | P14: Ankit | Q14: jagranath.j@cardioscribes.com | T14: 9831263018
A15: =+A14+1 -> 14 | B15: Tharsh | C15: Tushar Harsh | D15: Tharsh | E15: ihtj | F15: 560 | G15: MTX - India | H15: DIRECT | I15: 8 a.m. to 4 p.m. | J15: Day | K15: Sunday-Monday Alternate | L15: COUG/COUSC | M15: MMC/CVG/CVAMD | N15: TKFC/RVM | O15: Ahmedabad | P15: Harsh | Q15: tushar.harsh@cardioscribes.com | T15: 9687608383
A16: =+A15+1 -> 15 | B16: shinyi | C16: Shiny Iype | D16: shinyi | E16: iis | F16: 654 | G16: MTX - India | H16: DIRECT | I16: 8 a.m. to 4 p.m. | J16: Day | K16: Sunday-Monday Alternate | L16: Auburn-HIM | M16: FLVD | N16: HVS/CRENSAW/Lora/DHS MMC | O16: Ahmedabad | P16: Ankit | Q16: shiny.iype@cardioscribes.com | T16: 8460285290
A17: =+A16+1 -> 16 | B17: riteshp | C17: Riteshkumar Patel | D17: riteshp | F17: 669 | G17: MTX - India | H17: DIRECT | I17: 10 P.M. TO 6 A.M. | J17: Night | K17: Monday | L17: BRH | M17: SVH/CVG | N17: NLC | O17: Ahmedabad | P17: Ankit | Q17: Ritesh.Patel@cardioscribes.com | T17: 8401201594 \ 9925771028
A18: =+A17+1 -> 17 | B18: ptrivedi | C18: PURVANG TRIVEDI | D18: ptrivedi | E18: ipt | F18: TL | G18: TL | H18: DIRECT | J18: TL | K18: Saturday | L18: Multiple Accounts | M18: NA | N18: NA | O18: Ahmedabad | P18: Harsh | Q18: purvang.trivedi@cardioscribes.com | T18: 9137120712
A19: =+A18+1 -> 18 | B19: arunaj | C19: Aruna Arun | D19: arunaj | E19: iajad | F19: LINE COUNT | G19: BB-QA - India | H19: DIRECT | I19: 7 pm to 10 pm | J19: Night | K19: Sunday | L19: Multiple Accounts | M19: NA | N19: NA | O19: Ahmedabad | P19: Harsh | Q19: Jitendra.Nim@cardioscribes.com | T19: 9825582502
A20: =+A19+1 -> 19 | B20: sharmab | C20: Bhakti Sharma | D20: sharmab | E20: ibys | F20: LINE COUNT | G20: MTX - India | H20: DIRECT | I20: 10 am to 4 pm | J20: Day | K20: Sunday | L20: HCA | M20: NA | N20: NA | O20: Ahmedabad | P20: Harsh | Q20: bhaktisharma1@yahoo.co.in | T20: 9910236455
A21: =+A20+1 -> 20 | B21: gunjanc | C21: GUNJAN CHAWDA | D21: gunjanc | E21: igpc | F21: 1417 | G21: QA - India | H21: DIRECT | I21: 8 pm to 4 am | J21: Night | K21: Saturday | L21: All | M21: NA | N21: NA | O21: Ahmedabad | P21: Ankit | Q21: gunjan.chavda@cardioscribes.com | T21: 9375439960
A22: =+A21+1 -> 21 | B22: doubtdt | C22: Devang ThakkarBB | D22: doubtdt | E22: idvtd | F22: LINE COUNT | G22: BB-QA - India | H22: DIRECT | I22: 7 am to 9 am | J22: Day | K22: NA | L22: Multiple Accounts | M22: NA | N22: NA | O22: Ahmedabad | P22: Harsh | Q22: devang.thakker@cardioscribes.com | T22: 9825653232
A23: =+A22+1 -> 22 | B23: mazhart | C23: Mazhar Tinwala | D23: mazhart | E23: imnt | F23: 1919 | G23: QA - India | H23: DIRECT | I23: 8 am to 4 pm | J23: Day | K23: Sunday-Monday Alternate | L23: All Accounts | N23: NA | O23: Ahmedabad | P23: Harsh | Q23: mazhar.tinwala@cardioscribes.com | T23: 9924135228
A24: =+A23+1 -> 23 | B24: parvej | C24: Parvez Shaikh | D24: parvej | E24: isp | F24: 767 | G24: MTX - India | H24: DIRECT | I24: 9 A.M. To 6 P.M. | J24: Day | K24: Sunday-Monday Alternate | L24: CAMG | M24: FHG/WOS | N24: SVH | O24: Ahmedabad | P24: Harsh | Q24: parvez.shaikh@cardioscribes.com | T24: 98246-95885
A25: =+A24+1 -> 24 | B25: pdesai | C25: Pranav Desai | D25: pdesai | E25: ipd | F25: 661 | G25: MTX - India | H25: DIRECT | I25: 10 A.M. TO 6 P.M. | J25: Day | K25: Sunday-Monday Alternate | L25: CAMG | M25: HCA | N25: CVAMD/SVH | O25: Ahmedabad | P25: Harsh | Q25: pranav.desai@cardioscribes.com | T25: 99254-99193
A26: =+A25+1 -> 25 | B26: rmodha | C26: Rajesh Modha | D26: rmodha | E26: irm | F26: 437 | G26: MTX - India | H26: DIRECT | I26: 10 A.M. TO 6 P.M. | J26: Day | K26: Sunday-Monday Alternate | L26: CAMG | M26: HCA | N26: CVAMD/SVH | O26: Ahmedabad | P26: Harsh | Q26: rajesh.modha@cardioscribes.com | T26: 97127-59638
A27: =+A26+1 -> 26 | B27: Renishb | C27: RENISH BHAIRAPURE | D27: Renishb | E27: irbb | F27: 1497 | G27: QA - India | H27: DIRECT | I27: 4 A.M. To 12 P.M. | J27: Day | K27: Sunday-Monday Alternate | L27: All account | O27: Ahmedabad | P27: Ankit | Q27: renish.bhairapure@cardioscribes.com | T27: 9925035143
A28: =+A27+1 -> 27 | B28: SANTOSH | C28: Santosh Singh | D28: SANTOSH | E28: isks | F28: 1948 | G28: QA - India | H28: DIRECT | I28: 1 p.m. to 8 p.m. | J28: Day | K28: Sunday-Monday Alternate | L28: All account | M28: ALL | N28: ALL | O28: Ahmedabad | P28: Harsh | Q28: santosh.singh@cardioscribes.com | T28: 9586560199
A29: =+A28+1 -> 28 | B29: shrikantc | C29: SHRIKANT CHANDAK | D29: shrikantc | E29: iscd | F29: 3787 | G29: BB-QA - India | H29: DIRECT | I29: 10 p.m. to 6 a.m. | J29: Night | K29: Sunday | L29: ALL | M29: NA | N29: NA | O29: Ahmedabad | P29: Harsh | Q29: shrikant.c@cardioscribes.com | T29: 9924124240
A30: =+A29+1 -> 29 | B30: shwetap | C30: Shweta Parmar | D30: shwetap | E30: iskp | F30: 795 | G30: MTX - India | H30: DIRECT | I30: 9.00 A.M. TO 7 P.M. | J30: Day | K30: Sunday-Monday Alternate | L30: HCA | M30: NLC | N30: FHG/NSCA | O30: Ahmedabad | P30: Harsh | Q30: shweta.parmar@cardioscribes.com | T30: 9998077837/9724540977
A31: =+A30+1 -> 30 | B31: Sonali | C31: Sonali Patel | D31: Sonali | E31: ajv | F31: 795 | G31: MTX - India | H31: DIRECT | I31: 10 A.M. To 6 P.M. | J31: Day | K31: Sunday-Monday Alternate | L31: HCA | M31: NLC | N31: NSCA | O31: Ahmedabad | P31: Harsh | Q31: sonali.patel@cardioscribes.com | T31: 94281-13951/7069034599
A32: =+A31+1 -> 31 | B32: Agajjar | C32: Aarti Gajjar | D32: Agajjar | E32: iadj | F32: 302 | G32: VR - MT | H32: DIRECT | I32: 10 am to 6 pm | J32: Day | K32: Sunday | L32: CVG | M32: HCA | N32: KCPC | O32: Ahmedabad | P32: Harsh | Q32: aarti.gajjar@cardioscribes.com | T32: 9879306349
A33: =+A32+1 -> 32 | B33: Mchauhan | C33: Meera Chauhan | D33: Mchauhan | E33: imvc | F33: LINE COUNT | G33: VR - MT | H33: DIRECT | I33: 10 am to 6 pm | J33: Day | K33: Sunday | L33: CVG/COUG | M33: CAMG/NLC | N33: NSCA | O33: Ahmedabad | P33: Harsh | Q33: meera.chauhan@cardioscribes.com | T33: 9913432171
A34: =+A33+1 -> 33 | B34: Pthakore | C34: Purvi Thakore | D34: Pthakore | E34: ipyt | F34: 1104 | G34: VR - MT | H34: DIRECT | I34: 10 am to 6 pm | J34: Day | K34: Sunday | L34: CVG/CAMG/COUG | M34: Dr. Chino | N34: Auburn/Cophia/TKFC | O34: Ahmedabad | P34: Harsh | Q34: purvi.thakore@cardioscribes.com | T34: 9825564916
A35: =+A34+1 -> 34 | B35: Vprajapati | C35: Vikram Prajapati | D35: Vprajapati | E35: ivhp | F35: 994 | G35: MTX - India | H35: DIRECT | I35: 9 A.M. To 5 P.M. | J35: Day | K35: Monday | L35: CVG | M35: NOCH/MMH | N35: Auburn/HCC/TKFC/RVM | O35: Ahmedabad | P35: Harsh | Q35: vikram.prajapati@cardioscribes.com | T35: 98250-25878
A36: =+A35+1 -> 35 | B36: afaiz | C36: FAIZ AHMAD | D36: afaiz | E36: iaf | F36: 1390 | G36: QA - India | H36: DIRECT | I36: 10 p.m. - 6 a.m. | J36: Night | K36: Monday | L36: ALL ACCOUNTS | O36: Ahmedabad | P36: Ankit | Q36: faiz.ahmad@cardioscribes.com | T36: 8271144857
A37: =+A36+1 -> 36 | B37: Gthakkar | C37: Gaurang Thakkar | D37: Gthakkar | E37: igst | F37: 781 | G37: MTX - India | H37: DIRECT | I37: 7 am to 3 pm | J37: Day | K37: Sunday-Monday Alternate | L37: WOS/CAMG | M37: NOCH/SVH | N37: Healthwin/Coon | O37: Ahmedabad | P37: Harsh | Q37: gaurang.thakkar@cardioscribes.com | T37: 9328888983
A38: =+A37+1 -> 37 | B38: girishs | C38: Girish S | D38: girishs | E38: igis | F38: 606 | G38: MTX - India | H38: DIRECT | I38: 8:00 p.m. to 4:00 a.m. | J38: Night | K38: Monday | L38: MJHS, NOCH, RMCA | M38: SVH, NSCA, COUG, OGH | N38: PMH, BRH, CVPH | O38: Ahmedabad | P38: Ankit | Q38: girish.s@cardioscribes.com | T38: 7760758231
A39: =+A38+1 -> 38 | B39: preethau | C39: Preetha Uchil | D39: preethau | E39: ipau | F39: 739 | G39: MTX - India | H39: DIRECT | I39: 6 a.m. to 2 p.m. | J39: Day | K39: Monday | L39: WFA/OGH/SMA/KCPC/TNA | M39: Dr.Askins/CVG/SWS/HCA | N39: CVPH//TKFC/COUG/MMH | O39: Ahmedabad | P39: Harsh | Q39: preetha.uchil@cardioscribes.com | T39: 9323692241
A40: =+A39+1 -> 39 | B40: adiseshu | C40: Adiseshu T | D40: adiseshu | E40: iadi | F40: 750 | G40: MT - India | H40: Needs QA | I40: 8:30 pm to 5:30 Am | J40: Night | L40: AHMH/MJHS | M40: FMCH | N40: All Chennai accounts | O40: Trivandrum | P40: Aneesh | Q40: Venkataadiseshu.t@cardioscribes.com | T40: 8688905577
A41: =+A40+1 -> 40 | B41: arunp | C41: Arun Prasad | D41: arunp | E41: iaru | F41: 1200 | G41: VR QA - India | H41: DIRECT | I41: 9:30 am to 6:30 pm | J41: Day | K41: Sunday-Monday Alternate | L41: SOC | M41: OHH | N41: OHV | O41: Trivandrum | P41: Aneesh | Q41: Arun.p@cardioscribes.com | T41: 9710601946
A42: =+A41+1 -> 41 | B42: haritha | C42: Haritha P | D42: haritha | E42: ihar | F42: LINE COUNT | G42: MT - India | H42: DIRECT | I42: 11 am to 8 pm | J42: Day | K42: Sunday-Monday Alternate | L42: FMCH | M42: SOC | N42: NCSB | O42: Trivandrum | P42: Aneesh | Q42: haritha_parthagunta@yahoo.co.in | T42: 9840161384
A43: =+A42+1 -> 42 | B43: Latha | C43: Latha N | D43: Latha | E43: ilat | F43: 1000 | G43: MT - India | H43: Needs QA | I43: 8:00 am to 5 pm | J43: Day | K43: Sunday-Monday Alternate | L43: NCSB/RMCA/SMH | M43: SOC | N43: All Chennai accounts | O43: Trivandrum | P43: Aneesh | Q43: lathadeva24@yahoo.com | T43: 9884124170
A44: =+A43+1 -> 43 | B44: mlatha | C44: M.LATHA | D44: mlatha | E44: imld | F44: 1000 | G44: MTX - India | H44: DIRECT | I44: 10 am to 6 pm | J44: Day | K44: Sunday-Monday Alternate | L44: NCSB | P44: Aneesh | Q44: mlatha@cardioscribes.com | T44: 9176448386
A45: =+A44+1 -> 44 | B45: Pratheepkumar | C45: Pratheep Kumar | D45: Pratheepkumar | E45: iapr | F45: 1000 | G45: MT - India | H45: Needs QA | I45: 8 am to 5 pm | J45: Day | K45: Sunday-Monday Alternate | L45: AHMH | M45: SOC, OHH | O45: Ahmedabad | P45: Ankit | Q45: PratheepKumar.a@cardioscribes.com | T45: 9840260165
A46: =+A45+1 -> 45 | B46: VKRaman | C46: Raman K | D46: VKRaman | E46: ivkr | F46: 1610 | G46: QA - India | H46: DIRECT | I46: 10:00 am to 6:00 pm | J46: Day | K46: Sunday-Monday Alternate | L46: NCSB | M46: SOC, OHH | N46: NA | O46: Trivandrum | P46: Aneesh | Q46: kothandaramank@cardioscribes.com | T46: 7358370189
A47: =+A46+1 -> 46 | B47: sdoss | C47: Saravanan D | D47: sdoss | E47: isan | F47: 1900 | G47: QA - India | H47: DIRECT | I47: 11:30 am to 8:30 pm | J47: Day | K47: Sunday-Monday Alternate | L47: Multiple Accounts | M47: NA | N47: NA | O47: Trivandrum | P47: Aneesh | Q47: saravanan.d@cardioscribes.com | T47: 9840470657
A48: =+A47+1 -> 47 | B48: shakilas | C48: Shakila S | D48: shakilas | E48: ishk | F48: 1160 | G48: MT - India | H48: Needs QA | I48: 4 am to 4 pm | J48: Day | K48: Variable Off | L48: MJHS, SOC | M48: OHH, NCSB | N48: ARMC | O48: Trivandrum | P48: Aneesh | Q48: shakila.s@cardioscribes.com | T48: 9940382051
A49: =+A48+1 -> 48 | B49: Shyamkumara | C49: Shyam Kumar | D49: Shyamkumara | E49: isku | F49: 1738 | G49: QA - India | H49: DIRECT | I49: 11:35 pm to 8:35 am | J49: Night | K49: Variable Off | L49: RMCA/SMH | M49: All Chennai Accounts | N49: NA | O49: Ahmedabad | P49: Ankit | Q49: Shyamkumar.a@cardioscribes.com | T49: 7299830245
A50: =+A49+1 -> 49 | B50: sivasankaria | C50: Sivasankari A | D50: sivasankaria | E50: issv | F50: 1050 | G50: VR QA - India | H50: DIRECT | I50: 10 am to 6 pm | J50: Day | K50: Sunday-Monday Alternate | L50: NCSB | M50: SOC | O50: Trivandrum | P50: Aneesh | Q50: sivasankari.a@cardioscribes.com | T50: 8189959922
A51: =+A50+1 -> 50 | B51: asuresh | C51: Suresh A | D51: asuresh | E51: iasr | F51: 1250 | G51: MT - India | H51: Needs QA | I51: 9 am to 6 pm | J51: Day | K51: Sunday-Monday Alternate | L51: AHMH | M51: SOC, NSCB | N51: OHH | O51: Trivandrum | P51: Aneesh | Q51: Suresh.a@cardioscribes.com | T51: 9941162180
A52: =+A51+1 -> 51 | B52: nitinp | C52: Nitin Panhalkar | D52: nitinp | E52: innp | F52: 669 | G52: MTX - India | H52: DIRECT | I52: 4 a.m. to 12.p.m. | J52: Day | K52: Saturday | L52: CVPH | M52: NA | N52: NA | O52: Ahmedabad | P52: Ankit | Q52: nitin.panhalkar@cardioscribes.com | T52: 9604949628
A53: =+A52+1 -> 52 | B53: hirent | C53: Hiren Thakur | D53: hirent | E53: ihrt | F53: 3535 | G53: BB-QA - India | H53: DIRECT | I53: 9:30 a.m. to 5:30 p.m. | J53: Day | K53: Sunday-Monday Alternate | L53: FRHG | O53: Ahmedabad | P53: Harsh | Q53: hiren.thakur@cardioscribes.com | T53: 8511198116
A54: =+A53+1 -> 53 | B54: parineetap | C54: Parineeta Patel | D54: parineetap | E54: iprp | F54: 625 | G54: MTX - India | H54: Needs QA | I54: 6 a.m. to 2 p.m. | J54: Day | K54: Sunday | L54: WFA/KCPC/OGH/TNA | M54: SWS/COUG/SMA/CVG/HCA | N54: Dr. Askins/TKFC/PHC/MMH | O54: Ahmedabad | P54: Harsh | Q54: parineeta.patel@cardioscribes.com | T54: 9422047988
A55: =+A54+1 -> 54 | B55: Kartik | C55: Kartik Rao | D55: Kartik | E55: ikr | F55: LINE COUNT | G55: MTX - India | H55: DIRECT | I55: 8 a.m to 4 p.m. | J55: Night | K55: Sunday-Monday Alternate | L55: ACMC, BRH, RMCA | M55: CVPH/NOCH | N55: CCH/NMH | O55: Ahmedabad | P55: Ankit | Q55: kartik.rao@cardioscribes.com | T55: 9879449422
A56: =+A55+1 -> 55 | B56: Jitendra | C56: Jitendra Duduskar | D56: Jitendra | E56: ijd | F56: 682 | G56: MTX - India | H56: DIRECT | I56: 7 a.m. to 3 p.m. | J56: Day | K56: Sunday-Monday Alternate | L56: HVS/WC/TNA/DNB/MRC | M56: Healthwin/NMH/OGH/KCPC | N56: SCR/LORA/DR. GARZA/RVM | O56: Ahmedabad | P56: Ankit | Q56: jitendra.duduskar@cardioscribes.com | T56: 9909754238/6353874022
A57: =+A56+1 -> 56 | B57: usha | C57: Usha M | D57: usha | E57: ium-t | F57: 580 | G57: MTX - India | H57: NEeds QA | I57: 8 p.m. to 4:30 a.m. | J57: Night | K57: Saturday/Sunday Alternate | L57: PRMC | M57: NA | N57: NA | O57: Trivandrum | P57: Aneesh | Q57: ushaaaam40@gmail.com | T57: 9384783718
A58: =+A57+1 -> 57 | B58: lajua | C58: Laju Anil | D58: lajua | E58: ilja-t | F58: LINE COUNT | G58: MTX - India | H58: DIRECT | I58: 6 p.m. to 2 a.m. | J58: Night | K58: Sunday-Monday Alternate | L58: Fundamentals | M58: HAH, Auburn | N58: NA | O58: Trivandrum | P58: Aneesh | Q58: lejuanil@gmail.com | T58: 9995236211
A59: =+A58+1 -> 58 | B59: rajanikkQA | C59: Rajani K | D59: rajanikkQA | E59: irk-t | F59: 1500 | G59: QA - India | H59: DIRECT | I59: 8 a.m. to 5 p.m. | J59: Day | K59: Sunday-Monday Alternate | L59: Fundamentals | M59: AMC | N59: All TVM Accounts | O59: Trivandrum | P59: Aneesh | Q59: rajanisinbox@gmail.com | T59: 8547941714
A60: =+A59+1 -> 59 | B60: bkharod | C60: Bhargavi Kharod | D60: bkharod | E60: ibk | F60: 938 | G60: MTX - India | H60: DIRECT | I60: 4 a.m. to 12.p.m. | J60: Day | K60: Sunday-Monday Alternate | L60: BRH | M60: NMH | N60: NOCH | O60: Ahmedabad | P60: Purvang | Q60: bhargavi.kharod@cardioscribes.com | T60: 99258-39956
A61: =+A60+1 -> 60 | B61: vijayb | C61: Vijay Babu | D61: vijayb | E61: ivb-t | F61: 700 | G61: MTX - India | H61: Needs QA | I61: 8 p.m. to 4 AM | J61: Night | K61: Saturday/Sunday Alternate | L61: AMC | M61: WSH | N61: OIP, SRH | O61: Trivandrum | P61: Aneesh | Q61: veejay_b@yahoo.com | T61: 9961331897
A62: =+A61+1 -> 61 | B62: bipin | C62: Bipin George | D62: bipin | E62: ibg-t | F62: LINE COUNT | G62: MTx-India | H62: DIRECT | I62: 10 p.m. to 6 a.m. | J62: Day | K62: Sunday-Monday Alternate | L62: Fundamentals | M62: WSH | O62: Trivandrum | P62: Aneesh | Q62: nicgeo1985@gmail.com | T62: 8606399266
A63: =+A62+1 -> 62 | B63: jhasketans | C63: Jhasketan Sahu | D63: jhasketans | E63: ijs-t | F63: LINE COUNT | G63: MTx-India | H63: Needs QA | I63: 4:30 a.m. to 1 p.m. | J63: Day | K63: Saturday/Sunday Alternate | L63: Fundamentals | O63: Trivandrum | P63: Aneesh | Q63: jhasketans@yahoo.com | T63: 9861123109
A64: =+A63+1 -> 63 | B64: sujathak | C64: Sujatha K | D64: sujathak | E64: isuj | F64: 733 | G64: MT-India | H64: Needs QA | I64: 8 pm to 5 am | J64: Night | K64: Saturday/Sunday Alternate | L64: RMCA/SMH | O64: Ahmedabad | P64: Ankit | Q64: sujathak@cardioscribes.com | T64: 7904183808
A65: =+A64+1 -> 64 | B65: manojkumara | C65: Manoj Kumar | D65: manojkumara | E65: imkr | F65: 800 | G65: MTx-India | H65: DIRECT | I65: 10 pm to 7 am | J65: Night | K65: Saturday/Sunday Alternate | L65: RMCA/SMH | M65: AHMH, OHH, CVPH | N65: SSH/OGH/TNA | O65: Ahmedabad | P65: Ankit | Q65: manojkumara@cardioscribes.com | T65: 9841402045
A66: =+A65+1 -> 65 | B66: lsreekala | C66: Sreekala L | D66: lsreekala | E66: isrl-t | F66: 675 | G66: MTx-India | H66: Needs QA | I66: 4:30 a.m. to 12:30 p.m. | J66: Day | K66: Sunday/Monday | L66: PRMC | M66: IMPH | N66: LAC, OIP | O66: Trivandrum | P66: Aneesh | Q66: sreekalagopan2@gmail.com | T66: 9072799782
A67: =+A66+1 -> 66 | B67: SharadB | C67: Sharad Bhatt | D67: SharadB | E67: iskb | F67: 568 | G67: MTX | H67: DIRECT | I67: 9 p.m. to 5 a.m. | J67: Day | K67: SATURDAY | L67: BRH | M67: HCA | N67: NOCH | O67: Ahmedabad | P67: Ankit | Q67: sharad.bhatt@cardioscribes.com | T67: 8085267533
A68: =+A67+1 -> 67 | B68: sajeetha | C68: Sajeetha | D68: sajeetha | E68: isaa | F68: 550 | G68: MTx-India | H68: DIRECT | I68: 4:30 pm to 1:30 pm | J68: Day | K68: Sunday-Monday Alternate | L68: RMCA/SMH | O68: Ahmedabad | P68: Purvang | Q68: sajeetha@cardioscribes.com | T68: 9941898786
A69: =+A68+1 -> 68 | B69: Sonali Khanna | C69: Sonali Khanna | D69: Sonali Khanna | E69: isk | F69: 758 | G69: MTx-India | H69: Needs QA | I69: 7 a.m. to 12 pm | J69: Day | K69: Sunday | L69: BRH | M69: Auburn | N69: DHS/EAM | O69: Ahmedabad | P69: Purvang | Q69: sonali.khanna@cardioscribes.com | T69: 8249106575
A70: =+A69+1 -> 69 | B70: sreelekshmis | C70: sreelekshmi suneesh | D70: sreelekshmis | E70: isls-t | F70: 500 | G70: MTx-India | H70: Needs QA | I70: 6 a.m. to 2 p.m. | J70: Day | K70: Sunday/Monday | L70: LAC | O70: Trivandrum | P70: Aneesh | Q70: sreelekshmisuneesh@yahoo.in | T70: 9562111725
A71: =+A70+1 -> 70 | B71: BinnyMathai | C71: Binny Mathai | D71: BinnyMathai | E71: ibm-t | F71: 400 | G71: MT-India | H71: Needs QA | I71: 8 a.m. to 4 p.m. | J71: Day | K71: Sunday/Monday | L71: IMPH | O71: Trivandrum | P71: Aneesh | Q71: binny0306@gmail.com | T71: 9847986437
A72: =+A71+1 -> 71 | B72: GopalRajith | C72: Gopal Rajith | D72: GopalRajith | E72: irg-t | F72: LINE COUNT | G72: MTx-India | H72: Needs QA | I72: 7 a.m. to 3 p.m. | J72: Night | K72: Sunday/Monday | L72: LAC | O72: Trivandrum | P72: Aneesh | Q72: gopalrajith@gmail.com | T72: 9895369689
A73: =+A72+1 -> 72 | B73: vinoshk | C73: Vinosh K | D73: vinoshk | E73: ivnk | F73: LINE COUNT | G73: MTx-India | H73: DIRECT | I73: 4 a.m. to 12 p.m. | J73: Day | O73: Ahmedabad | P73: Ankit | Q73: vinosh.kumar@cardioscribes.com | T73: 9963662121
A74: =+A73+1 -> 73 | B74: VIJU P. | C74: Viju P | F74: LINE COUNT | G74: MT | H74: NEEDS QA | I74: 10 pm to 6 a.m. | J74: Day | K74: sunday | L74: AUBURN | M74: BRH/DHS | N74: CCM/OGH/TNA | O74: Ahmedabad | P74: Purvang | Q74: vijuadithya@gmail.com | T74: 9901167098
A75: =+A74+1 -> 74 | B75: Manohar Raju | C75: Manohar Raju | E75: mra | F75: LINE COUNT | G75: MTx-India | H75: Needs QA | I75: 9 p.m. to 5 a.m. | J75: Night | K75: Sunday | L75: TNA/OGH, RMCA | M75: Auburn, CVPH, BRH | N75: TKFC/NOCH | O75: Ahmedabad | P75: Purvang | Q75: gallamanohar@gmail.com | T75: 8919462686
A76: =+A75+1 -> 75 | B76: GURPREET SINGH | C76: Gurpreet Singh | E76: SINGH | F76: LINE COUNT | G76: MTx-India | H76: Needs QA | I76: 9 p.m. to 5 a.m. | J76: Night | K76: Sunday | L76: TNA/OGH, RMCA | M76: NOCH, CVPH | N76: TKFC/KCPC | O76: Ahmedabad | P76: Purvang | Q76: gurpreet2k3@yahoo.com | T76: 7814660740
A77: =+A76+1 -> 76 | B77: DEBES BANDYOPADHYAY | C77: Debes Bandyopadhyay | E77: DEBES | F77: LINE COUNT | G77: MTx-India | H77: Needs QA | I77: 8 a.m. to 4 p.m. | J77: Day | K77: Monday | L77: Moonlight/RVM/CCM | M77: TNA/MRC | N77: TKFC/KCPC | O77: Ahmedabad | P77: Harsh | Q77: debes.bandyopadhyay@cardioscribes.com/debes24@gmail.com | T77: 9674302418
A78: =+A77+1 -> 77 | B78: M. Thiruchelvi | C78: M Thiruchelvi | E78: MTH | F78: 1000 | G78: MT | H78: Needs QA | I78: 8 a.m. to 4 p.m. | J78: Day | K78: Sunday-Monday Alternate | L78: MRC/HCA | O78: Ahmedabad | P78: Harsh | Q78: thiruchelvi.m@cardioscribes.com/thiruselvi2009@gmail.com | T78: 9551630230
A79: =+A78+1 -> 78 | B79: Pradumn SinghRathore | C79: Pradumn SinghRathore | F79: 1948 | G79: QA - India | H79: DIRECT | I79: 12:00 PM to 8:00 PM | J79: Day | K79: Sunday-Monday Alternate | L79: HCA | M79: Dr. Chino/MMH | N79: MRC/TKFC | O79: Ahmedabad | P79: Harsh | Q79: pradumn.singh@cardioscribes.com/pradumn.singh@cardioscribes.com | T79: 9909711299
A80: =+A79+1 -> 79 | B80: Rameshwar Bagmare | C80: Rameshwar Bagmare | E80: irb | F80: LINE COUNT | G80: MT | H80: Needs QA | I80: 9 p.m. to 5 a.m. | J80: Day | K80: Sunday-Monday Alternate | L80: Moonlight/SMA/MRC | M80: TKFC/DNB | N80: TNA/HCA | O80: Ahmedabad | P80: Harsh | Q80: rameshwar.bagare@cardioscribes.com | T80: 6354930526
A81: =+A80+1 -> 80 | B81: Sylas Turner | C81: Sailendra Thapa | D81: Sylas Turner | F81: LINE COUNT | G81: MTX | H81: Needs QA | I81: 8 a.m. to 4 p.m. | J81: Day | K81: Saturday-Sunday | L81: DHS | O81: Trivandrum | P81: Aneesh | Q81: supersowen@gmail.com
A82: =+A81+1 -> 81 | B82: Devi Balu | C82: Devi Balu | D82: Devi Balu | F82: 425 | G82: MTx | H82: DIRECT | I82: 8 a.m. to 4 p.m. | J82: Day | K82: Sunday-Monday | L82: Fundamentals, BOD | O82: Trivandrum | P82: Aneesh | Q82: devisndh@gmail.com | T82: 7012437080
A83: =+A82+1 -> 82 | B83: Raji Suresh | C83: Raji Suresh | D83: Raji Suresh | F83: LINE COUNT | G83: MTx | H83: DIRECT | I83: 5 a.m. to 1 p.m. | J83: Day | K83: Sunday-Monday | L83: Fundamentals | O83: Trivandrum | P83: Aneesh | Q83: rajii.tr@gmail.com
A84: =+A83+1 -> 83 | B84: Nirmalap | C84: Nirmala P. | D84: Nirmalap | F84: LINE COUNT | G84: MTx | H84: DIRECT | I84: 8 a.m. to 4 p.m. | J84: Day | K84: Sunday-Monday | L84: Fundamentals
A85: =+A84+1 -> 84 | C85: Chandrakant Patel | O85: Upload | P85: Upload
A86: =+A85+1 -> 85 | C86: Arva Tinwala | G86: BB | O86: Ahmedabad | P86: Harsh
A87: =+A86+1 -> 86 | C87: Devang ThakkarBB | O87: Ahmedabad | P87: Harsh
A88: =+A87+1 -> 87 | C88: Sudha Rajput | O88: Upload | P88: Upload
A89: =+A88+1 -> 88 | C89: Rani Bishop | O89: Upload | P89: Upload
A90: =+A89+1 -> 89 | B90: Jitendra Parmar | C90: Jitendra Parmar | F90: LINE COUNT | G90: QA | O90: Ahmedabad | P90: Harsh
A91: =+A90+1 -> 90 | C91: Aneesh Pillai | F91: 0 | G91: Auditor | J91: Day | O91: Trivandrum | P91: Harsh
A92: =+A91+1 -> 91 | C92: rashmi pawar | O92: Upload | P92: Upload
A93: =+A92+1 -> 92 | C93: Boney Bishop | O93: Upload | P93: Upload
A94: =+A93+1 -> 93 | C94: upload ezdi | O94: Upload | P94: Upload
A95: =+A94+1 -> 94 | C95: Naresh Sing | O95: Upload | P95: Upload
A96: =+A95+1 -> 95 | C96: Karunesh Tiwari | O96: Upload | P96: Upload
A97: =+A96+1 -> 96 | B97: Vipin Nair | C97: Vipin Nair | F97: LINE COUNT | G97: MTx | O97: Trivandrum | P97: Aneesh
A98: =+A97+1 -> 97 | B98: Indu Raveendran | C98: Indu Raveendran | F98: LINE COUNT | G98: MTx | O98: Trivandrum | P98: Aneesh
A99: =+A98+1 -> 98 | C99: Nirmala Nakkina | G99: MTx | O99: Trivandrum | P99: Aneesh
A100: =+A99+1 -> 99 | B100: sandosh kumar | C100: Sandosh Kumar | F100: LINE COUNT | G100: MTx | J100: Night | O100: Trivandrum | P100: Aneesh
...

Sheet Data
A1: Received_Date_UTC | B1: Received_Date_IST | C1: Date_audited_UTC | D1: Date_audited_IST | E1: Auditor_Work_Start_Date_IST | F1: Auditor_Work_End_Date_IST | G1: Auditor_name | H1: Auditor_Screen_Time_Spend_In_Seconds | I1: Time_Taken_by_Auditor_in_mins | J1: Auditor_milestone | K1: File_name | L1: Doctor | M1: Account_name | N1: Subhospital | O1: Responsible_ID | P1: Responsible_User_Name | Q1: Location | R1: NoGo/Go_2010 | S1: Line Count | T1: Accuracy_2010 | U1: Error_Name | V1: Total_error_type_receiver_by_auditor | W1: Remarks | X1: Worktype | Y1: First_Touch | Z1: Time_Taken_First_Touch_mins | AA1: TAT | AB1: Is_Tough_Dictator | AC1: Play_Time_in_sec | AD1: SSTAT_STAT_Normal | AE1: Missed_Achieved | AF1: Final_Blank_Count | AG1: Second_Last_Touch | AH1: Time_Taken_Second_Touch_mins | AI1: Last_Touch | AJ1: Time_Taken_Last_Touch_mins | AK1: Audited Date | AL1: Week | AM1: Initial | AN1: NoGo/Go | AO1: Accuracy | AP1: Point value | AQ1: Overall Score | AR1: Account's MTTL | AS1: USer's MTTL | AT1: First touch MTTL | AU1: Error Type | AV1: Con | AW1: Name | AX1: Score | AY1: Location-1 | AZ1: T/F | BA1: Total Error Count | BB1: Total Error occurrences | BC1: First_Touch-1 | BD1: Responsible_User_Status | BE1: Sent Status Name | BF1: Match | BG1: Group | BH1: Responsible_User_Designation
A2: 46084.376 | B2: 46084.605 | C2: 46091.209 | D2: 46091.438 | E2: 46086.629 | F2: 46091.438 | G2: Devang Thakkar | H2: 291 | I2: 6923.8833 | J2: cqa | K2: 12825718 | L2: Joseph Blaser, DO | M2: Hillsboro Area Hospital | N2: Clinic | O2: veejay_b@yahoo.com | P2: Vijay Babu | Q2: Trivandrum | R2: Go | S2: 54.15 | T2: 100 | V2: 0 | X2: HAH_OP | AA2: 120 | AB2: No | AC2: 262 | AD2: Normal | AE2: Achieved | AF2: 0 | AK2: =INT(D2) -> 46091 | AL2: ="Week"&WEEKNUM(D2) -> Week11 | AM2: HAH | AN2: =IF(AO2>98.5,"Go","NoGo") -> Go | AO2: =100-(AQ2/S2*100) -> 100 | AP2: =IFERROR(AX2*V2,0) -> 0 | AQ2: =100-T2 -> 0 | AR2: Aneesh | AS2: Aneesh | AT2: Aneesh | AU2: =IF(AX2="","",IF(AX2=1,"Major",IF(AX2=3,"Critical",IF(AX2=0,"Minor","")))) | AV2: =K2&P2 -> 12825718Vijay Babu | AW2: =IF(U2="","",LEFT(U2,FIND("-",U2,1)-1)) | AX2: =IF(AW2="Minor",0,IF(AW2="Major",1,IF(AW2="Critical",3,""))) | AY2: Trivandrum | AZ2: FALSE | BA2: =IF(U2="","",COUNTIF(U2,U2:U2)) | BB2: =V2 -> 0 | BC2: Vijay Babu | BD2: mt_new | BE2: awaiting_upload | BF2: FALSE | BG2: =VLOOKUP(AM2,Group!$C:$H,5,0) -> Others | BH2: =VLOOKUP(P2,others!$C:$G,5,0) -> MTX - India
A3: 46084.536 | B3: 46084.765 | C3: 46091.213 | D3: 46091.443 | E3: 46086.63 | F3: 46091.443 | G3: Devang Thakkar | H3: 891 | I3: 6930.6 | J3: cqa | K3: 12825779 | L3: Joseph Blaser, DO | M3: Hillsboro Area Hospital | N3: Clinic | O3: veejay_b@yahoo.com | P3: Vijay Babu | Q3: Trivandrum | R3: Go | S3: 67.12 | T3: 100 | U3: Minor-Punctuation/Grammar/Feedback | V3: 2 | X3: HAH_OP | AA3: 120 | AB3: No | AC3: 297 | AD3: Normal | AE3: Achieved | AF3: 0 | AK3: =INT(D3) -> 46091 | AL3: ="Week"&WEEKNUM(D3) -> Week11 | AM3: HAH | AN3: =IF(AO3>98.5,"Go","NoGo") -> Go | AO3: =100-(AQ3/S3*100) -> 100 | AP3: =IFERROR(AX3*V3,0) -> 0 | AQ3: =100-T3 -> 0 | AR3: Aneesh | AS3: Aneesh | AT3: Aneesh | AU3: =IF(AX3="","",IF(AX3=1,"Major",IF(AX3=3,"Critical",IF(AX3=0,"Minor","")))) -> Minor | AV3: =K3&P3 -> 12825779Vijay Babu | AW3: =IF(U3="","",LEFT(U3,FIND("-",U3,1)-1)) -> Minor | AX3: =IF(AW3="Minor",0,IF(AW3="Major",1,IF(AW3="Critical",3,""))) -> 0 | AY3: Trivandrum | AZ3: FALSE | BA3: =IF(U3="","",COUNTIF(U3,U3:U3)) -> 1 | BB3: =V3 -> 2 | BC3: Vijay Babu | BD3: mt_new | BE3: awaiting_upload | BF3: FALSE | BG3: =VLOOKUP(AM3,Group!$C:$H,5,0) -> Others | BH3: =VLOOKUP(P3,others!$C:$G,5,0) -> MTX - India
A4: 46084.475 | B4: 46084.704 | C4: 46091.232 | D4: 46091.461 | E4: 46086.63 | F4: 46091.461 | G4: Devang Thakkar | H4: 13269 | I4: 6956.95 | J4: cqa | K4: 12825745 | L4: William Smith, MD | M4: Adirondack Medical Center | N4: Clinic | O4: veejay_b@yahoo.com | P4: Vijay Babu | Q4: Trivandrum | R4: Go | S4: 105.75 | T4: 100 | V4: 0 | X4: Generic Operative Report | AA4: 360 | AB4: No | AC4: 486 | AD4: Normal | AE4: Achieved | AF4: 0 | AK4: =INT(D4) -> 46091 | AL4: ="Week"&WEEKNUM(D4) -> Week11 | AM4: AMC | AN4: =IF(AO4>98.5,"Go","NoGo") -> Go | AO4: =100-(AQ4/S4*100) -> 100 | AP4: =IFERROR(AX4*V4,0) -> 0 | AQ4: =100-T4 -> 0 | AR4: Aneesh | AS4: Aneesh | AT4: Aneesh | AU4: =IF(AX4="","",IF(AX4=1,"Major",IF(AX4=3,"Critical",IF(AX4=0,"Minor","")))) | AV4: =K4&P4 -> 12825745Vijay Babu | AW4: =IF(U4="","",LEFT(U4,FIND("-",U4,1)-1)) | AX4: =IF(AW4="Minor",0,IF(AW4="Major",1,IF(AW4="Critical",3,""))) | AY4: Trivandrum | AZ4: FALSE | BA4: =IF(U4="","",COUNTIF(U4,U4:U4)) | BB4: =V4 -> 0 | BC4: Vijay Babu | BD4: mt_new | BE4: awaiting_upload | BF4: FALSE | BG4: =VLOOKUP(AM4,Group!$C:$H,5,0) -> AMC Group | BH4: =VLOOKUP(P4,others!$C:$G,5,0) -> MTX - India
A5: 46084.482 | B5: 46084.711 | C5: 46091.246 | D5: 46091.475 | E5: 46086.63 | F5: 46091.475 | G5: Devang Thakkar | H5: 2972 | I5: 6976.7833 | J5: cqa | K5: 12825757 | L5: William Smith, MD | M5: Adirondack Medical Center | N5: Clinic | O5: veejay_b@yahoo.com | P5: Vijay Babu | Q5: Trivandrum | R5: No Go | S5: 134.58 | T5: 98 | U5: Major-Incorrect Text/Gender/Names | V5: 2 | X5: Generic Operative Report | AA5: 360 | AB5: No | AC5: 600 | AD5: Normal | AE5: Achieved | AF5: 2 | AK5: =INT(D5) -> 46091 | AL5: ="Week"&WEEKNUM(D5) -> Week11 | AM5: AMC | AN5: =IF(AO5>98.5,"Go","NoGo") -> Go | AO5: =100-(AQ5/S5*100) -> 98.513895 | AP5: =IFERROR(AX5*V5,0) -> 2 | AQ5: =100-T5 -> 2 | AR5: Aneesh | AS5: Aneesh | AT5: Aneesh | AU5: =IF(AX5="","",IF(AX5=1,"Major",IF(AX5=3,"Critical",IF(AX5=0,"Minor","")))) -> Major | AV5: =K5&P5 -> 12825757Vijay Babu | AW5: =IF(U5="","",LEFT(U5,FIND("-",U5,1)-1)) -> Major | AX5: =IF(AW5="Minor",0,IF(AW5="Major",1,IF(AW5="Critical",3,""))) -> 1 | AY5: Trivandrum | AZ5: TRUE | BA5: =IF(U5="","",COUNTIF(U5,U5:U5)) -> 1 | BB5: =V5 -> 2 | BC5: Vijay Babu | BD5: mt_new | BE5: awaiting_upload | BF5: TRUE | BG5: =VLOOKUP(AM5,Group!$C:$H,5,0) -> AMC Group | BH5: =VLOOKUP(P5,others!$C:$G,5,0) -> MTX - India
A6: 46084.482 | B6: 46084.711 | C6: 46091.246 | D6: 46091.475 | E6: 46086.63 | F6: 46091.475 | G6: Devang Thakkar | H6: 2972 | I6: 6976.7833 | J6: cqa | K6: 12825757 | L6: William Smith, MD | M6: Adirondack Medical Center | N6: Clinic | O6: veejay_b@yahoo.com | P6: Vijay Babu | Q6: Trivandrum | R6: No Go | S6: 134.58 | T6: 98 | U6: Minor-Punctuation/Grammar/Feedback | V6: 2 | X6: Generic Operative Report | AA6: 360 | AB6: No | AC6: 600 | AD6: Normal | AE6: Achieved | AF6: 2 | AK6: =INT(D6) -> 46091 | AL6: ="Week"&WEEKNUM(D6) -> Week11 | AM6: AMC | AN6: =IF(AO6>98.5,"Go","NoGo") -> Go | AO6: =100-(AQ6/S6*100) -> 98.513895 | AP6: =IFERROR(AX6*V6,0) -> 0 | AQ6: =100-T6 -> 2 | AR6: Aneesh | AS6: Aneesh | AT6: Aneesh | AU6: =IF(AX6="","",IF(AX6=1,"Major",IF(AX6=3,"Critical",IF(AX6=0,"Minor","")))) -> Minor | AV6: =K6&P6 -> 12825757Vijay Babu | AW6: =IF(U6="","",LEFT(U6,FIND("-",U6,1)-1)) -> Minor | AX6: =IF(AW6="Minor",0,IF(AW6="Major",1,IF(AW6="Critical",3,""))) -> 0 | AY6: Trivandrum | AZ6: FALSE | BA6: =IF(U6="","",COUNTIF(U6,U6:U6)) -> 1 | BB6: =V6 -> 2 | BC6: Vijay Babu | BD6: mt_new | BE6: awaiting_upload | BF6: FALSE | BG6: =VLOOKUP(AM6,Group!$C:$H,5,0) -> AMC Group | BH6: =VLOOKUP(P6,others!$C:$G,5,0) -> MTX - India
A7: 46089.422 | B7: 46089.651 | C7: 46091.58 | D7: 46091.809 | E7: 46091.804 | F7: 46091.809 | G7: Vishal Mehta | H7: 456 | I7: 7.7167 | J7: cqa | K7: 12827216 | L7: Austin Christensen, MD | M7: Harmon Medical And Rehabilitation Hospital | N7: Clinic | O7: sandeepskn88@gmail.com | P7: Sandeep S | Q7: Trivandrum | R7: Go | S7: 75.85 | T7: 100 | V7: 0 | X7: Psychiatric Assessment | AA7: 1440 | AB7: No | AC7: 231 | AD7: Normal | AE7: Missed | AF7: 0 | AK7: =INT(D7) -> 46091 | AL7: ="Week"&WEEKNUM(D7) -> Week11 | AM7: HMRH | AN7: =IF(AO7>98.5,"Go","NoGo") -> Go | AO7: =100-(AQ7/S7*100) -> 100 | AP7: =IFERROR(AX7*V7,0) -> 0 | AQ7: =100-T7 -> 0 | AR7: Aneesh | AS7: Aneesh | AT7: Aneesh | AU7: =IF(AX7="","",IF(AX7=1,"Major",IF(AX7=3,"Critical",IF(AX7=0,"Minor","")))) | AV7: =K7&P7 -> 12827216Sandeep S | AW7: =IF(U7="","",LEFT(U7,FIND("-",U7,1)-1)) | AX7: =IF(AW7="Minor",0,IF(AW7="Major",1,IF(AW7="Critical",3,""))) | AY7: Trivandrum | AZ7: FALSE | BA7: =IF(U7="","",COUNTIF(U7,U7:U7)) | BB7: =V7 -> 0 | BC7: Sandeep S | BD7: mt_new | BE7: awaiting_upload | BF7: FALSE | BG7: =VLOOKUP(AM7,Group!$C:$H,5,0) -> Fundamental | BH7: =VLOOKUP(P7,others!$C:$G,5,0) -> MTX - India
A8: 46085.539 | B8: 46085.768 | C8: 46091.76 | D8: 46091.989 | E8: 46091.821 | F8: 46091.989 | G8: Devang Thakkar | H8: 822 | I8: 242.5333 | J8: cqa | K8: 12826205 | L8: John Decker, MD | M8: Adirondack Medical Center | N8: Clinic | O8: ushaaaam40@gmail.com | P8: Usha M | Q8: Trivandrum | R8: Go | S8: 24.6 | T8: 100 | U8: Minor-Punctuation/Grammar/Feedback | V8: 1 | X8: ENT Clinic History and Physical | AA8: 1440 | AB8: No | AC8: 193 | AD8: Normal | AE8: Achieved | AF8: 0 | AK8: =INT(D8) -> 46091 | AL8: ="Week"&WEEKNUM(D8) -> Week11 | AM8: AMC | AN8: =IF(AO8>98.5,"Go","NoGo") -> Go | AO8: =100-(AQ8/S8*100) -> 100 | AP8: =IFERROR(AX8*V8,0) -> 0 | AQ8: =100-T8 -> 0 | AR8: Aneesh | AS8: Aneesh | AT8: Aneesh | AU8: =IF(AX8="","",IF(AX8=1,"Major",IF(AX8=3,"Critical",IF(AX8=0,"Minor","")))) -> Minor | AV8: =K8&P8 -> 12826205Usha M | AW8: =IF(U8="","",LEFT(U8,FIND("-",U8,1)-1)) -> Minor | AX8: =IF(AW8="Minor",0,IF(AW8="Major",1,IF(AW8="Critical",3,""))) -> 0 | AY8: Trivandrum | AZ8: FALSE | BA8: =IF(U8="","",COUNTIF(U8,U8:U8)) -> 1 | BB8: =V8 -> 1 | BC8: Usha M | BD8: mt_new | BE8: awaiting_upload | BF8: FALSE | BG8: =VLOOKUP(AM8,Group!$C:$H,5,0) -> AMC Group | BH8: =VLOOKUP(P8,others!$C:$G,5,0) -> MTX - India
A9: 46087.618 | B9: 46087.847 | C9: 46091.764 | D9: 46091.993 | E9: 46091.507 | F9: 46091.993 | G9: Devang Thakkar | H9: 308 | I9: 699.25 | J9: cqa | K9: 12826941 | L9: John Decker, MD | M9: Adirondack Medical Center | N9: Clinic | O9: veejay_b@yahoo.com | P9: Vijay Babu | Q9: Trivandrum | R9: Go | S9: 38.66 | T9: 100 | V9: 0 | X9: ENT Clinic Follow-Up | AA9: 1440 | AB9: No | AC9: 367 | AD9: Normal | AE9: Achieved | AF9: 0 | AK9: =INT(D9) -> 46091 | AL9: ="Week"&WEEKNUM(D9) -> Week11 | AM9: AMC | AN9: =IF(AO9>98.5,"Go","NoGo") -> Go | AO9: =100-(AQ9/S9*100) -> 100 | AP9: =IFERROR(AX9*V9,0) -> 0 | AQ9: =100-T9 -> 0 | AR9: Aneesh | AS9: Aneesh | AT9: Aneesh | AU9: =IF(AX9="","",IF(AX9=1,"Major",IF(AX9=3,"Critical",IF(AX9=0,"Minor","")))) | AV9: =K9&P9 -> 12826941Vijay Babu | AW9: =IF(U9="","",LEFT(U9,FIND("-",U9,1)-1)) | AX9: =IF(AW9="Minor",0,IF(AW9="Major",1,IF(AW9="Critical",3,""))) | AY9: Trivandrum | AZ9: FALSE | BA9: =IF(U9="","",COUNTIF(U9,U9:U9)) | BB9: =V9 -> 0 | BC9: Vijay Babu | BD9: mt_new | BE9: awaiting_upload | BF9: FALSE | BG9: =VLOOKUP(AM9,Group!$C:$H,5,0) -> AMC Group | BH9: =VLOOKUP(P9,others!$C:$G,5,0) -> MTX - India
A10: 46087.622 | B10: 46087.852 | C10: 46091.767 | D10: 46091.996 | E10: 46091.508 | F10: 46091.996 | G10: Devang Thakkar | H10: 232 | I10: 703.2333 | J10: cqa | K10: 12826946 | L10: John Decker, MD | M10: Adirondack Medical Center | N10: Clinic | O10: veejay_b@yahoo.com | P10: Vijay Babu | Q10: Trivandrum | R10: Go | S10: 29.15 | T10: 100 | U10: Minor-Punctuation/Grammar/Feedback | V10: 2 | X10: ENT Clinic Follow-Up | AA10: 1440 | AB10: No | AC10: 259 | AD10: Normal | AE10: Achieved | AF10: 0 | AK10: =INT(D10) -> 46091 | AL10: ="Week"&WEEKNUM(D10) -> Week11 | AM10: AMC | AN10: =IF(AO10>98.5,"Go","NoGo") -> Go | AO10: =100-(AQ10/S10*100) -> 100 | AP10: =IFERROR(AX10*V10,0) -> 0 | AQ10: =100-T10 -> 0 | AR10: Aneesh | AS10: Aneesh | AT10: Aneesh | AU10: =IF(AX10="","",IF(AX10=1,"Major",IF(AX10=3,"Critical",IF(AX10=0,"Minor","")))) -> Minor | AV10: =K10&P10 -> 12826946Vijay Babu | AW10: =IF(U10="","",LEFT(U10,FIND("-",U10,1)-1)) -> Minor | AX10: =IF(AW10="Minor",0,IF(AW10="Major",1,IF(AW10="Critical",3,""))) -> 0 | AY10: Trivandrum | AZ10: FALSE | BA10: =IF(U10="","",COUNTIF(U10,U10:U10)) -> 1 | BB10: =V10 -> 2 | BC10: Vijay Babu | BD10: mt_new | BE10: awaiting_upload | BF10: FALSE | BG10: =VLOOKUP(AM10,Group!$C:$H,5,0) -> AMC Group | BH10: =VLOOKUP(P10,others!$C:$G,5,0) -> MTX - India
A11: 46087.553 | B11: 46087.782 | C11: 46091.776 | D11: 46092.005 | E11: 46092 | F11: 46092.005 | G11: Devang Thakkar | H11: 413 | I11: 6.9667 | J11: cqa | K11: 12826909 | L11: John Decker, MD | M11: Adirondack Medical Center | N11: Clinic | O11: veejay_b@yahoo.com | P11: Vijay Babu | Q11: Trivandrum | R11: Go | S11: 3.51 | T11: 100 | V11: 0 | X11: ENT Clinic Follow-Up | AA11: 1440 | AB11: No | AC11: 40 | AD11: Normal | AE11: Achieved | AF11: 0 | AK11: =INT(D11) -> 46092 | AL11: ="Week"&WEEKNUM(D11) -> Week11 | AM11: AMC | AN11: =IF(AO11>98.5,"Go","NoGo") -> Go | AO11: =100-(AQ11/S11*100) -> 100 | AP11: =IFERROR(AX11*V11,0) -> 0 | AQ11: =100-T11 -> 0 | AR11: Aneesh | AS11: Aneesh | AT11: Aneesh | AU11: =IF(AX11="","",IF(AX11=1,"Major",IF(AX11=3,"Critical",IF(AX11=0,"Minor","")))) | AV11: =K11&P11 -> 12826909Vijay Babu | AW11: =IF(U11="","",LEFT(U11,FIND("-",U11,1)-1)) | AX11: =IF(AW11="Minor",0,IF(AW11="Major",1,IF(AW11="Critical",3,""))) | AY11: Trivandrum | AZ11: FALSE | BA11: =IF(U11="","",COUNTIF(U11,U11:U11)) | BB11: =V11 -> 0 | BC11: Vijay Babu | BD11: mt_new | BE11: awaiting_upload | BF11: FALSE | BG11: =VLOOKUP(AM11,Group!$C:$H,5,0) -> AMC Group | BH11: =VLOOKUP(P11,others!$C:$G,5,0) -> MTX - India
A12: 46086.341 | B12: 46086.57 | C12: 46092.273 | D12: 46092.502 | E12: 46091.534 | F12: 46092.502 | G12: Devang Thakkar | H12: 121 | I12: 1393.5667 | J12: cqa | K12: 12826504 | L12: Brian Miller, MD | M12: Hillsboro Area Hospital | N12: Clinic | O12: veejay_b@yahoo.com | P12: Vijay Babu | Q12: Trivandrum | R12: Go | S12: 11.66 | T12: 100 | V12: 0 | X12: HAH_MISC | AA12: 1440 | AB12: No | AC12: 84 | AD12: Normal | AE12: Achieved | AF12: 0 | AK12: =INT(D12) -> 46092 | AL12: ="Week"&WEEKNUM(D12) -> Week11 | AM12: HAH | AN12: =IF(AO12>98.5,"Go","NoGo") -> Go | AO12: =100-(AQ12/S12*100) -> 100 | AP12: =IFERROR(AX12*V12,0) -> 0 | AQ12: =100-T12 -> 0 | AR12: Aneesh | AS12: Aneesh | AT12: Aneesh | AU12: =IF(AX12="","",IF(AX12=1,"Major",IF(AX12=3,"Critical",IF(AX12=0,"Minor","")))) | AV12: =K12&P12 -> 12826504Vijay Babu | AW12: =IF(U12="","",LEFT(U12,FIND("-",U12,1)-1)) | AX12: =IF(AW12="Minor",0,IF(AW12="Major",1,IF(AW12="Critical",3,""))) | AY12: Trivandrum | AZ12: FALSE | BA12: =IF(U12="","",COUNTIF(U12,U12:U12)) | BB12: =V12 -> 0 | BC12: Vijay Babu | BD12: mt_new | BE12: awaiting_upload | BF12: FALSE | BG12: =VLOOKUP(AM12,Group!$C:$H,5,0) -> Others | BH12: =VLOOKUP(P12,others!$C:$G,5,0) -> MTX - India
A13: 46086.426 | B13: 46086.655 | C13: 46092.275 | D13: 46092.504 | E13: 46091.534 | F13: 46092.504 | G13: Devang Thakkar | H13: 164 | I13: 1396.7667 | J13: cqa | K13: 12826529 | L13: Eve Burns, MD | M13: Adirondack Medical Center | N13: Clinic | O13: veejay_b@yahoo.com | P13: Vijay Babu | Q13: Trivandrum | R13: Go | S13: 24.29 | T13: 100 | U13: Minor-Punctuation/Grammar/Feedback | V13: 1 | X13: Generic Operative Report | AA13: 360 | AB13: No | AC13: 95 | AD13: Normal | AE13: Achieved | AF13: 0 | AK13: =INT(D13) -> 46092 | AL13: ="Week"&WEEKNUM(D13) -> Week11 | AM13: AMC | AN13: =IF(AO13>98.5,"Go","NoGo") -> Go | AO13: =100-(AQ13/S13*100) -> 100 | AP13: =IFERROR(AX13*V13,0) -> 0 | AQ13: =100-T13 -> 0 | AR13: Aneesh | AS13: Aneesh | AT13: Aneesh | AU13: =IF(AX13="","",IF(AX13=1,"Major",IF(AX13=3,"Critical",IF(AX13=0,"Minor","")))) -> Minor | AV13: =K13&P13 -> 12826529Vijay Babu | AW13: =IF(U13="","",LEFT(U13,FIND("-",U13,1)-1)) -> Minor | AX13: =IF(AW13="Minor",0,IF(AW13="Major",1,IF(AW13="Critical",3,""))) -> 0 | AY13: Trivandrum | AZ13: FALSE | BA13: =IF(U13="","",COUNTIF(U13,U13:U13)) -> 1 | BB13: =V13 -> 1 | BC13: Vijay Babu | BD13: mt_new | BE13: awaiting_upload | BF13: FALSE | BG13: =VLOOKUP(AM13,Group!$C:$H,5,0) -> AMC Group | BH13: =VLOOKUP(P13,others!$C:$G,5,0) -> MTX - India
A14: 46086.579 | B14: 46086.808 | C14: 46092.304 | D14: 46092.534 | E14: 46091.507 | F14: 46092.534 | G14: Devang Thakkar | H14: 4933 | I14: 1477.8167 | J14: cqa | K14: 12826615 | L14: Mark Pushkash, Ph.D. | M14: Department Of Health Services - Wisconsin | N14: Clinic | O14: veejay_b@yahoo.com | P14: Vijay Babu | Q14: Trivandrum | R14: Go | S14: 147.6 | T14: 99 | U14: Major-Drug/Medical Error | V14: 1 | X14: PSYCHOLOGICAL REPORT | AA14: 1440 | AB14: No | AC14: 817 | AD14: Normal | AE14: Achieved | AF14: 1 | AK14: =INT(D14) -> 46092 | AL14: ="Week"&WEEKNUM(D14) -> Week11 | AM14: DHS | AN14: =IF(AO14>98.5,"Go","NoGo") -> Go | AO14: =100-(AQ14/S14*100) -> 99.322493 | AP14: =IFERROR(AX14*V14,0) -> 1 | AQ14: =100-T14 -> 1 | AR14: Harsh | AS14: Aneesh | AT14: Ankit | AU14: =IF(AX14="","",IF(AX14=1,"Major",IF(AX14=3,"Critical",IF(AX14=0,"Minor","")))) -> Major | AV14: =K14&P14 -> 12826615Vijay Babu | AW14: =IF(U14="","",LEFT(U14,FIND("-",U14,1)-1)) -> Major | AX14: =IF(AW14="Minor",0,IF(AW14="Major",1,IF(AW14="Critical",3,""))) -> 1 | AY14: Trivandrum | AZ14: TRUE | BA14: =IF(U14="","",COUNTIF(U14,U14:U14)) -> 1 | BB14: =V14 -> 1 | BC14: Bihag Antani | BD14: qa_new | BE14: awaiting_upload | BF14: TRUE | BG14: =VLOOKUP(AM14,Group!$C:$H,5,0) -> Top 25 | BH14: =VLOOKUP(P14,others!$C:$G,5,0) -> MTX - India
A15: 46086.579 | B15: 46086.808 | C15: 46092.304 | D15: 46092.534 | E15: 46091.507 | F15: 46092.534 | G15: Devang Thakkar | H15: 4933 | I15: 1477.8167 | J15: cqa | K15: 12826615 | L15: Mark Pushkash, Ph.D. | M15: Department Of Health Services - Wisconsin | N15: Clinic | O15: veejay_b@yahoo.com | P15: Vijay Babu | Q15: Trivandrum | R15: Go | S15: 147.6 | T15: 99 | U15: Minor-Punctuation/Grammar/Feedback | V15: 1 | X15: PSYCHOLOGICAL REPORT | AA15: 1440 | AB15: No | AC15: 817 | AD15: Normal | AE15: Achieved | AF15: 1 | AK15: =INT(D15) -> 46092 | AL15: ="Week"&WEEKNUM(D15) -> Week11 | AM15: DHS | AN15: =IF(AO15>98.5,"Go","NoGo") -> Go | AO15: =100-(AQ15/S15*100) -> 99.322493 | AP15: =IFERROR(AX15*V15,0) -> 0 | AQ15: =100-T15 -> 1 | AR15: Harsh | AS15: Aneesh | AT15: Ankit | AU15: =IF(AX15="","",IF(AX15=1,"Major",IF(AX15=3,"Critical",IF(AX15=0,"Minor","")))) -> Minor | AV15: =K15&P15 -> 12826615Vijay Babu | AW15: =IF(U15="","",LEFT(U15,FIND("-",U15,1)-1)) -> Minor | AX15: =IF(AW15="Minor",0,IF(AW15="Major",1,IF(AW15="Critical",3,""))) -> 0 | AY15: Trivandrum | AZ15: FALSE | BA15: =IF(U15="","",COUNTIF(U15,U15:U15)) -> 1 | BB15: =V15 -> 1 | BC15: Bihag Antani | BD15: qa_new | BE15: awaiting_upload | BF15: FALSE | BG15: =VLOOKUP(AM15,Group!$C:$H,5,0) -> Top 25 | BH15: =VLOOKUP(P15,others!$C:$G,5,0) -> MTX - India
A16: 46089.545 | B16: 46089.775 | C16: 46092.314 | D16: 46092.543 | E16: 46092.005 | F16: 46092.543 | G16: Devang Thakkar | H16: 647 | I16: 774.6667 | J16: cqa | K16: 12827217 | L16: Adam Abodeely, MD | M16: Adirondack Medical Center | N16: Clinic | O16: sandeepskn88@gmail.com | P16: Sandeep S | Q16: Trivandrum | R16: Go | S16: 13.15 | T16: 100 | U16: Minor-Punctuation/Grammar/Feedback | V16: 2 | X16: Discharge Summary | AA16: 1440 | AB16: No | AC16: 1054 | AD16: Normal | AE16: Achieved | AF16: 0 | AK16: =INT(D16) -> 46092 | AL16: ="Week"&WEEKNUM(D16) -> Week11 | AM16: AMC | AN16: =IF(AO16>98.5,"Go","NoGo") -> Go | AO16: =100-(AQ16/S16*100) -> 100 | AP16: =IFERROR(AX16*V16,0) -> 0 | AQ16: =100-T16 -> 0 | AR16: Aneesh | AS16: Aneesh | AT16: Aneesh | AU16: =IF(AX16="","",IF(AX16=1,"Major",IF(AX16=3,"Critical",IF(AX16=0,"Minor","")))) -> Minor | AV16: =K16&P16 -> 12827217Sandeep S | AW16: =IF(U16="","",LEFT(U16,FIND("-",U16,1)-1)) -> Minor | AX16: =IF(AW16="Minor",0,IF(AW16="Major",1,IF(AW16="Critical",3,""))) -> 0 | AY16: Trivandrum | AZ16: FALSE | BA16: =IF(U16="","",COUNTIF(U16,U16:U16)) -> 1 | BB16: =V16 -> 2 | BC16: Sandeep S | BD16: mt_new | BE16: awaiting_upload | BF16: FALSE | BG16: =VLOOKUP(AM16,Group!$C:$H,5,0) -> AMC Group | BH16: =VLOOKUP(P16,others!$C:$G,5,0) -> MTX - India
A17: 46087.357 | B17: 46087.586 | C17: 46092.502 | D17: 46092.731 | E17: 46092.006 | F17: 46092.731 | G17: Devang Thakkar | H17: 331 | I17: 1044.7833 | J17: cqa | K17: 12826879 | L17: Jessica Moja, MD | M17: Hillsboro Area Hospital | N17: Clinic | O17: veejay_b@yahoo.com | P17: Vijay Babu | Q17: Trivandrum | R17: Go | S17: 17.57 | T17: 100 | V17: 0 | X17: HAH_PFT | AA17: 1440 | AB17: No | AC17: 132 | AD17: Normal | AE17: Achieved | AF17: 0 | AK17: =INT(D17) -> 46092 | AL17: ="Week"&WEEKNUM(D17) -> Week11 | AM17: HAH | AN17: =IF(AO17>98.5,"Go","NoGo") -> Go | AO17: =100-(AQ17/S17*100) -> 100 | AP17: =IFERROR(AX17*V17,0) -> 0 | AQ17: =100-T17 -> 0 | AR17: Aneesh | AS17: Aneesh | AT17: Aneesh | AU17: =IF(AX17="","",IF(AX17=1,"Major",IF(AX17=3,"Critical",IF(AX17=0,"Minor","")))) | AV17: =K17&P17 -> 12826879Vijay Babu | AW17: =IF(U17="","",LEFT(U17,FIND("-",U17,1)-1)) | AX17: =IF(AW17="Minor",0,IF(AW17="Major",1,IF(AW17="Critical",3,""))) | AY17: Trivandrum | AZ17: FALSE | BA17: =IF(U17="","",COUNTIF(U17,U17:U17)) | BB17: =V17 -> 0 | BC17: Vijay Babu | BD17: mt_new | BE17: awaiting_upload | BF17: FALSE | BG17: =VLOOKUP(AM17,Group!$C:$H,5,0) -> Others | BH17: =VLOOKUP(P17,others!$C:$G,5,0) -> MTX - India
A18: 46090.505 | B18: 46090.734 | C18: 46092.51 | D18: 46092.739 | E18: 46092.006 | F18: 46092.739 | G18: Devang Thakkar | H18: 679 | I18: 1055.7833 | J18: cqa | K18: 12827341 | L18: Mark P Goldman, PhD | M18: Peterson Regional Medical Center | N18: Clinic | O18: veejay_b@yahoo.com | P18: Vijay Babu | Q18: Trivandrum | R18: Go | S18: 81.08 | T18: 99 | U18: Major-Number/Value/Dates | V18: 1 | X18: Consultation | AA18: 720 | AB18: No | AC18: 480 | AD18: Normal | AE18: Achieved | AF18: 2 | AK18: =INT(D18) -> 46092 | AL18: ="Week"&WEEKNUM(D18) -> Week11 | AM18: PRMC | AN18: =IF(AO18>98.5,"Go","NoGo") -> Go | AO18: =100-(AQ18/S18*100) -> 98.76665 | AP18: =IFERROR(AX18*V18,0) -> 1 | AQ18: =100-T18 -> 1 | AR18: Aneesh | AS18: Aneesh | AT18: Aneesh | AU18: =IF(AX18="","",IF(AX18=1,"Major",IF(AX18=3,"Critical",IF(AX18=0,"Minor","")))) -> Major | AV18: =K18&P18 -> 12827341Vijay Babu | AW18: =IF(U18="","",LEFT(U18,FIND("-",U18,1)-1)) -> Major | AX18: =IF(AW18="Minor",0,IF(AW18="Major",1,IF(AW18="Critical",3,""))) -> 1 | AY18: Trivandrum | AZ18: FALSE | BA18: =IF(U18="","",COUNTIF(U18,U18:U18)) -> 1 | BB18: =V18 -> 1 | BC18: Vijay Babu | BD18: mt_new | BE18: awaiting_upload | BF18: FALSE | BG18: =VLOOKUP(AM18,Group!$C:$H,5,0) -> Top 25 | BH18: =VLOOKUP(P18,others!$C:$G,5,0) -> MTX - India
A19: 46088.513 | B19: 46088.742 | C19: 46092.518 | D19: 46092.748 | E19: 46092.006 | F19: 46092.748 | G19: Devang Thakkar | H19: 114 | I19: 1067.95 | J19: cqa | K19: 12827152 | L19: Adam Abodeely, MD | M19: Adirondack Medical Center | N19: Clinic | O19: veejay_b@yahoo.com | P19: Vijay Babu | Q19: Trivandrum | R19: Go | S19: 18.26 | T19: 100 | V19: 0 | X19: Procedure Note | AA19: 360 | AB19: No | AC19: 75 | AD19: Normal | AE19: Achieved | AF19: 0 | AK19: =INT(D19) -> 46092 | AL19: ="Week"&WEEKNUM(D19) -> Week11 | AM19: AMC | AN19: =IF(AO19>98.5,"Go","NoGo") -> Go | AO19: =100-(AQ19/S19*100) -> 100 | AP19: =IFERROR(AX19*V19,0) -> 0 | AQ19: =100-T19 -> 0 | AR19: Aneesh | AS19: Aneesh | AT19: Aneesh | AU19: =IF(AX19="","",IF(AX19=1,"Major",IF(AX19=3,"Critical",IF(AX19=0,"Minor","")))) | AV19: =K19&P19 -> 12827152Vijay Babu | AW19: =IF(U19="","",LEFT(U19,FIND("-",U19,1)-1)) | AX19: =IF(AW19="Minor",0,IF(AW19="Major",1,IF(AW19="Critical",3,""))) | AY19: Trivandrum | AZ19: FALSE | BA19: =IF(U19="","",COUNTIF(U19,U19:U19)) | BB19: =V19 -> 0 | BC19: Vijay Babu | BD19: mt_new | BE19: awaiting_upload | BF19: FALSE | BG19: =VLOOKUP(AM19,Group!$C:$H,5,0) -> AMC Group | BH19: =VLOOKUP(P19,others!$C:$G,5,0) -> MTX - India
A20: 46090.693 | B20: 46090.922 | C20: 46092.526 | D20: 46092.755 | E20: 46092.006 | F20: 46092.755 | G20: Devang Thakkar | H20: 947 | I20: 1078.8 | J20: cqa | K20: 12827412 | L20: John Chip Davis, MD | M20: Sterling Surgical Hospital | N20: clinic | O20: ushaaaam40@gmail.com | P20: Usha M | Q20: Trivandrum | R20: No Go | S20: 92.83 | T20: 98 | U20: Major-Incorrect Text/Gender/Names | V20: 1 | X20: Operative Report | AA20: 360 | AB20: No | AC20: 556 | AD20: Normal | AE20: Achieved | AF20: 0 | AK20: =INT(D20) -> 46092 | AL20: ="Week"&WEEKNUM(D20) -> Week11 | AM20: SSH | AN20: =IF(AO20>98.5,"Go","NoGo") -> NoGo | AO20: =100-(AQ20/S20*100) -> 97.845524 | AP20: =IFERROR(AX20*V20,0) -> 1 | AQ20: =100-T20 -> 2 | AR20: Ankit | AS20: Aneesh | AT20: Aneesh | AU20: =IF(AX20="","",IF(AX20=1,"Major",IF(AX20=3,"Critical",IF(AX20=0,"Minor","")))) -> Major | AV20: =K20&P20 -> 12827412Usha M | AW20: =IF(U20="","",LEFT(U20,FIND("-",U20,1)-1)) -> Major | AX20: =IF(AW20="Minor",0,IF(AW20="Major",1,IF(AW20="Critical",3,""))) -> 1 | AY20: Trivandrum | AZ20: TRUE | BA20: =IF(U20="","",COUNTIF(U20,U20:U20)) -> 1 | BB20: =V20 -> 1 | BC20: Usha M | BD20: mt_new | BE20: awaiting_upload | BF20: TRUE | BG20: =VLOOKUP(AM20,Group!$C:$H,5,0) -> Others | BH20: =VLOOKUP(P20,others!$C:$G,5,0) -> MTX - India
A21: 46090.693 | B21: 46090.922 | C21: 46092.526 | D21: 46092.755 | E21: 46092.006 | F21: 46092.755 | G21: Devang Thakkar | H21: 947 | I21: 1078.8 | J21: cqa | K21: 12827412 | L21: John Chip Davis, MD | M21: Sterling Surgical Hospital | N21: clinic | O21: ushaaaam40@gmail.com | P21: Usha M | Q21: Trivandrum | R21: No Go | S21: 92.83 | T21: 98 | U21: Major-Spelling Error | V21: 1 | X21: Operative Report | AA21: 360 | AB21: No | AC21: 556 | AD21: Normal | AE21: Achieved | AF21: 0 | AK21: =INT(D21) -> 46092 | AL21: ="Week"&WEEKNUM(D21) -> Week11 | AM21: SSH | AN21: =IF(AO21>98.5,"Go","NoGo") -> NoGo | AO21: =100-(AQ21/S21*100) -> 97.845524 | AP21: =IFERROR(AX21*V21,0) -> 1 | AQ21: =100-T21 -> 2 | AR21: Ankit | AS21: Aneesh | AT21: Aneesh | AU21: =IF(AX21="","",IF(AX21=1,"Major",IF(AX21=3,"Critical",IF(AX21=0,"Minor","")))) -> Major | AV21: =K21&P21 -> 12827412Usha M | AW21: =IF(U21="","",LEFT(U21,FIND("-",U21,1)-1)) -> Major | AX21: =IF(AW21="Minor",0,IF(AW21="Major",1,IF(AW21="Critical",3,""))) -> 1 | AY21: Trivandrum | AZ21: TRUE | BA21: =IF(U21="","",COUNTIF(U21,U21:U21)) -> 1 | BB21: =V21 -> 1 | BC21: Usha M | BD21: mt_new | BE21: awaiting_upload | BF21: TRUE | BG21: =VLOOKUP(AM21,Group!$C:$H,5,0) -> Others | BH21: =VLOOKUP(P21,others!$C:$G,5,0) -> MTX - India
A22: 46090.693 | B22: 46090.922 | C22: 46092.526 | D22: 46092.755 | E22: 46092.006 | F22: 46092.755 | G22: Devang Thakkar | H22: 947 | I22: 1078.8 | J22: cqa | K22: 12827412 | L22: John Chip Davis, MD | M22: Sterling Surgical Hospital | N22: clinic | O22: ushaaaam40@gmail.com | P22: Usha M | Q22: Trivandrum | R22: No Go | S22: 92.83 | T22: 98 | U22: Minor-Punctuation/Grammar/Feedback | V22: 2 | X22: Operative Report | AA22: 360 | AB22: No | AC22: 556 | AD22: Normal | AE22: Achieved | AF22: 0 | AK22: =INT(D22) -> 46092 | AL22: ="Week"&WEEKNUM(D22) -> Week11 | AM22: SSH | AN22: =IF(AO22>98.5,"Go","NoGo") -> NoGo | AO22: =100-(AQ22/S22*100) -> 97.845524 | AP22: =IFERROR(AX22*V22,0) -> 0 | AQ22: =100-T22 -> 2 | AR22: Ankit | AS22: Aneesh | AT22: Aneesh | AU22: =IF(AX22="","",IF(AX22=1,"Major",IF(AX22=3,"Critical",IF(AX22=0,"Minor","")))) -> Minor | AV22: =K22&P22 -> 12827412Usha M | AW22: =IF(U22="","",LEFT(U22,FIND("-",U22,1)-1)) -> Minor | AX22: =IF(AW22="Minor",0,IF(AW22="Major",1,IF(AW22="Critical",3,""))) -> 0 | AY22: Trivandrum | AZ22: FALSE | BA22: =IF(U22="","",COUNTIF(U22,U22:U22)) -> 1 | BB22: =V22 -> 2 | BC22: Usha M | BD22: mt_new | BE22: awaiting_upload | BF22: FALSE | BG22: =VLOOKUP(AM22,Group!$C:$H,5,0) -> Others | BH22: =VLOOKUP(P22,others!$C:$G,5,0) -> MTX - India
A23: 46084.28 | B23: 46084.509 | C23: 46092.535 | D23: 46092.764 | E23: 46092.006 | F23: 46092.764 | G23: Devang Thakkar | H23: 2949 | I23: 1091.7667 | J23: cqa | K23: 12825697 | L23: Ryan J Veurink, MD | M23: Peterson Regional Medical Center | N23: Clinic | O23: ushaaaam40@gmail.com | P23: Usha M | Q23: Trivandrum | R23: Go | S23: 71.63 | T23: 100 | U23: Minor-Punctuation/Grammar/Feedback | V23: 3 | X23: Operative report | AA23: 120 | AB23: No | AC23: 417 | AD23: SSTAT | AE23: Missed | AF23: 0 | AK23: =INT(D23) -> 46092 | AL23: ="Week"&WEEKNUM(D23) -> Week11 | AM23: PRMC | AN23: =IF(AO23>98.5,"Go","NoGo") -> Go | AO23: =100-(AQ23/S23*100) -> 100 | AP23: =IFERROR(AX23*V23,0) -> 0 | AQ23: =100-T23 -> 0 | AR23: Aneesh | AS23: Aneesh | AT23: Aneesh | AU23: =IF(AX23="","",IF(AX23=1,"Major",IF(AX23=3,"Critical",IF(AX23=0,"Minor","")))) -> Minor | AV23: =K23&P23 -> 12825697Usha M | AW23: =IF(U23="","",LEFT(U23,FIND("-",U23,1)-1)) -> Minor | AX23: =IF(AW23="Minor",0,IF(AW23="Major",1,IF(AW23="Critical",3,""))) -> 0 | AY23: Trivandrum | AZ23: FALSE | BA23: =IF(U23="","",COUNTIF(U23,U23:U23)) -> 1 | BB23: =V23 -> 3 | BC23: Usha M | BD23: mt_new | BE23: awaiting_upload | BF23: FALSE | BG23: =VLOOKUP(AM23,Group!$C:$H,5,0) -> Top 25 | BH23: =VLOOKUP(P23,others!$C:$G,5,0) -> MTX - India
A24: 46089.631 | B24: 46089.86 | C24: 46092.538 | D24: 46092.767 | E24: 46092.007 | F24: 46092.767 | G24: Devang Thakkar | H24: 261 | I24: 1095.0667 | J24: cqa | K24: 12827219 | L24: Emmett R Mackan, MD | M24: Peterson Regional Medical Center | N24: Clinic | O24: ushaaaam40@gmail.com | P24: Usha M | Q24: Trivandrum | R24: Go | S24: 17.57 | T24: 100 | V24: 0 | X24: Consultation | AA24: 120 | AB24: No | AC24: 388 | AD24: SSTAT | AE24: Missed | AF24: 0 | AK24: =INT(D24) -> 46092 | AL24: ="Week"&WEEKNUM(D24) -> Week11 | AM24: PRMC | AN24: =IF(AO24>98.5,"Go","NoGo") -> Go | AO24: =100-(AQ24/S24*100) -> 100 | AP24: =IFERROR(AX24*V24,0) -> 0 | AQ24: =100-T24 -> 0 | AR24: Aneesh | AS24: Aneesh | AT24: Aneesh | AU24: =IF(AX24="","",IF(AX24=1,"Major",IF(AX24=3,"Critical",IF(AX24=0,"Minor","")))) | AV24: =K24&P24 -> 12827219Usha M | AW24: =IF(U24="","",LEFT(U24,FIND("-",U24,1)-1)) | AX24: =IF(AW24="Minor",0,IF(AW24="Major",1,IF(AW24="Critical",3,""))) | AY24: Trivandrum | AZ24: FALSE | BA24: =IF(U24="","",COUNTIF(U24,U24:U24)) | BB24: =V24 -> 0 | BC24: Usha M | BD24: mt_new | BE24: awaiting_upload | BF24: FALSE | BG24: =VLOOKUP(AM24,Group!$C:$H,5,0) -> Top 25 | BH24: =VLOOKUP(P24,others!$C:$G,5,0) -> MTX - India
A25: 46089.637 | B25: 46089.867 | C25: 46092.544 | D25: 46092.773 | E25: 46092.007 | F25: 46092.773 | G25: Devang Thakkar | H25: 472 | I25: 1103.2167 | J25: cqa | K25: 12827221 | L25: Emmett R Mackan, MD | M25: Peterson Regional Medical Center | N25: Clinic | O25: ushaaaam40@gmail.com | P25: Usha M | Q25: Trivandrum | R25: Go | S25: 11.94 | T25: 100 | V25: 0 | X25: Progress Note | AA25: 120 | AB25: No | AC25: 323 | AD25: SSTAT | AE25: Missed | AF25: 0 | AK25: =INT(D25) -> 46092 | AL25: ="Week"&WEEKNUM(D25) -> Week11 | AM25: PRMC | AN25: =IF(AO25>98.5,"Go","NoGo") -> Go | AO25: =100-(AQ25/S25*100) -> 100 | AP25: =IFERROR(AX25*V25,0) -> 0 | AQ25: =100-T25 -> 0 | AR25: Aneesh | AS25: Aneesh | AT25: Aneesh | AU25: =IF(AX25="","",IF(AX25=1,"Major",IF(AX25=3,"Critical",IF(AX25=0,"Minor","")))) | AV25: =K25&P25 -> 12827221Usha M | AW25: =IF(U25="","",LEFT(U25,FIND("-",U25,1)-1)) | AX25: =IF(AW25="Minor",0,IF(AW25="Major",1,IF(AW25="Critical",3,""))) | AY25: Trivandrum | AZ25: FALSE | BA25: =IF(U25="","",COUNTIF(U25,U25:U25)) | BB25: =V25 -> 0 | BC25: Usha M | BD25: mt_new | BE25: awaiting_upload | BF25: FALSE | BG25: =VLOOKUP(AM25,Group!$C:$H,5,0) -> Top 25 | BH25: =VLOOKUP(P25,others!$C:$G,5,0) -> MTX - India
A26: 46089.642 | B26: 46089.871 | C26: 46092.547 | D26: 46092.776 | E26: 46092.007 | F26: 46092.776 | G26: Devang Thakkar | H26: 271 | I26: 1108.2833 | J26: cqa | K26: 12827222 | L26: Emmett R Mackan, MD | M26: Peterson Regional Medical Center | N26: Clinic | O26: sandeepskn88@gmail.com | P26: Sandeep S | Q26: Trivandrum | R26: Go | S26: 10.94 | T26: 100 | V26: 0 | X26: Progress Note | AA26: 120 | AB26: No | AC26: 262 | AD26: SSTAT | AE26: Missed | AF26: 0 | AK26: =INT(D26) -> 46092 | AL26: ="Week"&WEEKNUM(D26) -> Week11 | AM26: PRMC | AN26: =IF(AO26>98.5,"Go","NoGo") -> Go | AO26: =100-(AQ26/S26*100) -> 100 | AP26: =IFERROR(AX26*V26,0) -> 0 | AQ26: =100-T26 -> 0 | AR26: Aneesh | AS26: Aneesh | AT26: Aneesh | AU26: =IF(AX26="","",IF(AX26=1,"Major",IF(AX26=3,"Critical",IF(AX26=0,"Minor","")))) | AV26: =K26&P26 -> 12827222Sandeep S | AW26: =IF(U26="","",LEFT(U26,FIND("-",U26,1)-1)) | AX26: =IF(AW26="Minor",0,IF(AW26="Major",1,IF(AW26="Critical",3,""))) | AY26: Trivandrum | AZ26: FALSE | BA26: =IF(U26="","",COUNTIF(U26,U26:U26)) | BB26: =V26 -> 0 | BC26: Sandeep S | BD26: mt_new | BE26: awaiting_upload | BF26: FALSE | BG26: =VLOOKUP(AM26,Group!$C:$H,5,0) -> Top 25 | BH26: =VLOOKUP(P26,others!$C:$G,5,0) -> MTX - India
A27: 46090.75 | B27: 46090.979 | C27: 46092.553 | D27: 46092.782 | E27: 46092.007 | F27: 46092.782 | G27: Devang Thakkar | H27: 461 | I27: 1115.85 | J27: cqa | K27: 12827439 | L27: Blake Little, MD | M27: Hillsboro Area Hospital | N27: Clinic | O27: sandeepskn88@gmail.com | P27: Sandeep S | Q27: Trivandrum | R27: Go | S27: 19.17 | T27: 100 | V27: 0 | X27: HAH_SLEEP | AA27: 1440 | AB27: No | AC27: 128 | AD27: Normal | AE27: Achieved | AF27: 0 | AK27: =INT(D27) -> 46092 | AL27: ="Week"&WEEKNUM(D27) -> Week11 | AM27: HAH | AN27: =IF(AO27>98.5,"Go","NoGo") -> Go | AO27: =100-(AQ27/S27*100) -> 100 | AP27: =IFERROR(AX27*V27,0) -> 0 | AQ27: =100-T27 -> 0 | AR27: Aneesh | AS27: Aneesh | AT27: Aneesh | AU27: =IF(AX27="","",IF(AX27=1,"Major",IF(AX27=3,"Critical",IF(AX27=0,"Minor","")))) | AV27: =K27&P27 -> 12827439Sandeep S | AW27: =IF(U27="","",LEFT(U27,FIND("-",U27,1)-1)) | AX27: =IF(AW27="Minor",0,IF(AW27="Major",1,IF(AW27="Critical",3,""))) | AY27: Trivandrum | AZ27: FALSE | BA27: =IF(U27="","",COUNTIF(U27,U27:U27)) | BB27: =V27 -> 0 | BC27: Sandeep S | BD27: mt_new | BE27: awaiting_upload | BF27: FALSE | BG27: =VLOOKUP(AM27,Group!$C:$H,5,0) -> Others | BH27: =VLOOKUP(P27,others!$C:$G,5,0) -> MTX - India
A28: 46092.545 | B28: 46092.775 | C28: 46093.276 | D28: 46093.505 | E28: 46093.413 | F28: 46093.505 | G28: Devang Thakkar | H28: 632 | I28: 132.5333 | J28: cqa | K28: 12828088 | L28: John Decker, MD | M28: Adirondack Medical Center | N28: Clinic | O28: veejay_b@yahoo.com | P28: Vijay Babu | Q28: Trivandrum | R28: Go | S28: 42.2 | T28: 99 | U28: Major-Drug/Medical Error | V28: 1 | X28: ENT Clinic Follow-Up | AA28: 1440 | AB28: No | AC28: 610 | AD28: Normal | AE28: Achieved | AF28: 0 | AK28: =INT(D28) -> 46093 | AL28: ="Week"&WEEKNUM(D28) -> Week11 | AM28: AMC | AN28: =IF(AO28>98.5,"Go","NoGo") -> NoGo | AO28: =100-(AQ28/S28*100) -> 97.630332 | AP28: =IFERROR(AX28*V28,0) -> 1 | AQ28: =100-T28 -> 1 | AR28: Aneesh | AS28: Aneesh | AT28: Aneesh | AU28: =IF(AX28="","",IF(AX28=1,"Major",IF(AX28=3,"Critical",IF(AX28=0,"Minor","")))) -> Major | AV28: =K28&P28 -> 12828088Vijay Babu | AW28: =IF(U28="","",LEFT(U28,FIND("-",U28,1)-1)) -> Major | AX28: =IF(AW28="Minor",0,IF(AW28="Major",1,IF(AW28="Critical",3,""))) -> 1 | AY28: Trivandrum | AZ28: FALSE | BA28: =IF(U28="","",COUNTIF(U28,U28:U28)) -> 1 | BB28: =V28 -> 1 | BC28: Vijay Babu | BD28: mt_new | BE28: awaiting_upload | BF28: FALSE | BG28: =VLOOKUP(AM28,Group!$C:$H,5,0) -> AMC Group | BH28: =VLOOKUP(P28,others!$C:$G,5,0) -> MTX - India
A29: 46092.416 | B29: 46092.646 | C29: 46093.317 | D29: 46093.547 | E29: 46093.413 | F29: 46093.547 | G29: Devang Thakkar | H29: 1426 | I29: 191.8333 | J29: cqa | K29: 12828013 | L29: Jeffrey Dodge, DO | M29: Adirondack Medical Center | N29: Clinic | O29: veejay_b@yahoo.com | P29: Vijay Babu | Q29: Trivandrum | R29: Go | S29: 87.82 | T29: 99 | U29: Major-Incorrect Text/Gender/Names | V29: 1 | X29: Generic Operative Report | AA29: 360 | AB29: No | AC29: 432 | AD29: Normal | AE29: Achieved | AF29: 0 | AK29: =INT(D29) -> 46093 | AL29: ="Week"&WEEKNUM(D29) -> Week11 | AM29: AMC | AN29: =IF(AO29>98.5,"Go","NoGo") -> Go | AO29: =100-(AQ29/S29*100) -> 98.861307 | AP29: =IFERROR(AX29*V29,0) -> 1 | AQ29: =100-T29 -> 1 | AR29: Aneesh | AS29: Aneesh | AT29: Aneesh | AU29: =IF(AX29="","",IF(AX29=1,"Major",IF(AX29=3,"Critical",IF(AX29=0,"Minor","")))) -> Major | AV29: =K29&P29 -> 12828013Vijay Babu | AW29: =IF(U29="","",LEFT(U29,FIND("-",U29,1)-1)) -> Major | AX29: =IF(AW29="Minor",0,IF(AW29="Major",1,IF(AW29="Critical",3,""))) -> 1 | AY29: Trivandrum | AZ29: TRUE | BA29: =IF(U29="","",COUNTIF(U29,U29:U29)) -> 1 | BB29: =V29 -> 1 | BC29: Vijay Babu | BD29: mt_new | BE29: awaiting_upload | BF29: TRUE | BG29: =VLOOKUP(AM29,Group!$C:$H,5,0) -> AMC Group | BH29: =VLOOKUP(P29,others!$C:$G,5,0) -> MTX - India
A30: 46092.416 | B30: 46092.646 | C30: 46093.317 | D30: 46093.547 | E30: 46093.413 | F30: 46093.547 | G30: Devang Thakkar | H30: 1426 | I30: 191.8333 | J30: cqa | K30: 12828013 | L30: Jeffrey Dodge, DO | M30: Adirondack Medical Center | N30: Clinic | O30: veejay_b@yahoo.com | P30: Vijay Babu | Q30: Trivandrum | R30: Go | S30: 87.82 | T30: 99 | U30: Minor-Punctuation/Grammar/Feedback | V30: 5 | X30: Generic Operative Report | AA30: 360 | AB30: No | AC30: 432 | AD30: Normal | AE30: Achieved | AF30: 0 | AK30: =INT(D30) -> 46093 | AL30: ="Week"&WEEKNUM(D30) -> Week11 | AM30: AMC | AN30: =IF(AO30>98.5,"Go","NoGo") -> Go | AO30: =100-(AQ30/S30*100) -> 98.861307 | AP30: =IFERROR(AX30*V30,0) -> 0 | AQ30: =100-T30 -> 1 | AR30: Aneesh | AS30: Aneesh | AT30: Aneesh | AU30: =IF(AX30="","",IF(AX30=1,"Major",IF(AX30=3,"Critical",IF(AX30=0,"Minor","")))) -> Minor | AV30: =K30&P30 -> 12828013Vijay Babu | AW30: =IF(U30="","",LEFT(U30,FIND("-",U30,1)-1)) -> Minor | AX30: =IF(AW30="Minor",0,IF(AW30="Major",1,IF(AW30="Critical",3,""))) -> 0 | AY30: Trivandrum | AZ30: FALSE | BA30: =IF(U30="","",COUNTIF(U30,U30:U30)) -> 1 | BB30: =V30 -> 5 | BC30: Vijay Babu | BD30: mt_new | BE30: awaiting_upload | BF30: FALSE | BG30: =VLOOKUP(AM30,Group!$C:$H,5,0) -> AMC Group | BH30: =VLOOKUP(P30,others!$C:$G,5,0) -> MTX - India
A31: 46092.558 | B31: 46092.787 | C31: 46093.329 | D31: 46093.559 | E31: 46093.414 | F31: 46093.559 | G31: Devang Thakkar | H31: 705 | I31: 208.8667 | J31: cqa | K31: 12828093 | L31: Jeffrey Dodge, DO | M31: Adirondack Medical Center | N31: Clinic | O31: veejay_b@yahoo.com | P31: Vijay Babu | Q31: Trivandrum | R31: Go | S31: 76.66 | T31: 100 | U31: Minor-Punctuation/Grammar/Feedback | V31: 1 | X31: Generic Operative Report | AA31: 360 | AB31: No | AC31: 367 | AD31: Normal | AE31: Achieved | AF31: 0 | AK31: =INT(D31) -> 46093 | AL31: ="Week"&WEEKNUM(D31) -> Week11 | AM31: AMC | AN31: =IF(AO31>98.5,"Go","NoGo") -> Go | AO31: =100-(AQ31/S31*100) -> 100 | AP31: =IFERROR(AX31*V31,0) -> 0 | AQ31: =100-T31 -> 0 | AR31: Aneesh | AS31: Aneesh | AT31: Aneesh | AU31: =IF(AX31="","",IF(AX31=1,"Major",IF(AX31=3,"Critical",IF(AX31=0,"Minor","")))) -> Minor | AV31: =K31&P31 -> 12828093Vijay Babu | AW31: =IF(U31="","",LEFT(U31,FIND("-",U31,1)-1)) -> Minor | AX31: =IF(AW31="Minor",0,IF(AW31="Major",1,IF(AW31="Critical",3,""))) -> 0 | AY31: Trivandrum | AZ31: FALSE | BA31: =IF(U31="","",COUNTIF(U31,U31:U31)) -> 1 | BB31: =V31 -> 1 | BC31: Vijay Babu | BD31: mt_new | BE31: awaiting_upload | BF31: FALSE | BG31: =VLOOKUP(AM31,Group!$C:$H,5,0) -> AMC Group | BH31: =VLOOKUP(P31,others!$C:$G,5,0) -> MTX - India
A32: 46091.504 | B32: 46091.733 | C32: 46093.345 | D32: 46093.574 | E32: 46093.413 | F32: 46093.574 | G32: Devang Thakkar | H32: 1273 | I32: 231.05 | J32: cqa | K32: 12827668 | L32: William Smith, MD | M32: Adirondack Medical Center | N32: Clinic | O32: veejay_b@yahoo.com | P32: Vijay Babu | Q32: Trivandrum | R32: No Go | S32: 118.14 | T32: 98 | U32: Major-Incorrect Text/Gender/Names | V32: 2 | X32: Generic Operative Report | AA32: 360 | AB32: No | AC32: 603 | AD32: Normal | AE32: Achieved | AF32: 0 | AK32: =INT(D32) -> 46093 | AL32: ="Week"&WEEKNUM(D32) -> Week11 | AM32: AMC | AN32: =IF(AO32>98.5,"Go","NoGo") -> NoGo | AO32: =100-(AQ32/S32*100) -> 98.307093 | AP32: =IFERROR(AX32*V32,0) -> 2 | AQ32: =100-T32 -> 2 | AR32: Aneesh | AS32: Aneesh | AT32: Aneesh | AU32: =IF(AX32="","",IF(AX32=1,"Major",IF(AX32=3,"Critical",IF(AX32=0,"Minor","")))) -> Major | AV32: =K32&P32 -> 12827668Vijay Babu | AW32: =IF(U32="","",LEFT(U32,FIND("-",U32,1)-1)) -> Major | AX32: =IF(AW32="Minor",0,IF(AW32="Major",1,IF(AW32="Critical",3,""))) -> 1 | AY32: Trivandrum | AZ32: TRUE | BA32: =IF(U32="","",COUNTIF(U32,U32:U32)) -> 1 | BB32: =V32 -> 2 | BC32: Vijay Babu | BD32: mt_new | BE32: awaiting_upload | BF32: TRUE | BG32: =VLOOKUP(AM32,Group!$C:$H,5,0) -> AMC Group | BH32: =VLOOKUP(P32,others!$C:$G,5,0) -> MTX - India
A33: 46091.504 | B33: 46091.733 | C33: 46093.345 | D33: 46093.574 | E33: 46093.413 | F33: 46093.574 | G33: Devang Thakkar | H33: 1273 | I33: 231.05 | J33: cqa | K33: 12827668 | L33: William Smith, MD | M33: Adirondack Medical Center | N33: Clinic | O33: veejay_b@yahoo.com | P33: Vijay Babu | Q33: Trivandrum | R33: No Go | S33: 118.14 | T33: 98 | U33: Minor-Punctuation/Grammar/Feedback | V33: 4 | X33: Generic Operative Report | AA33: 360 | AB33: No | AC33: 603 | AD33: Normal | AE33: Achieved | AF33: 0 | AK33: =INT(D33) -> 46093 | AL33: ="Week"&WEEKNUM(D33) -> Week11 | AM33: AMC | AN33: =IF(AO33>98.5,"Go","NoGo") -> NoGo | AO33: =100-(AQ33/S33*100) -> 98.307093 | AP33: =IFERROR(AX33*V33,0) -> 0 | AQ33: =100-T33 -> 2 | AR33: Aneesh | AS33: Aneesh | AT33: Aneesh | AU33: =IF(AX33="","",IF(AX33=1,"Major",IF(AX33=3,"Critical",IF(AX33=0,"Minor","")))) -> Minor | AV33: =K33&P33 -> 12827668Vijay Babu | AW33: =IF(U33="","",LEFT(U33,FIND("-",U33,1)-1)) -> Minor | AX33: =IF(AW33="Minor",0,IF(AW33="Major",1,IF(AW33="Critical",3,""))) -> 0 | AY33: Trivandrum | AZ33: FALSE | BA33: =IF(U33="","",COUNTIF(U33,U33:U33)) -> 1 | BB33: =V33 -> 4 | BC33: Vijay Babu | BD33: mt_new | BE33: awaiting_upload | BF33: FALSE | BG33: =VLOOKUP(AM33,Group!$C:$H,5,0) -> AMC Group | BH33: =VLOOKUP(P33,others!$C:$G,5,0) -> MTX - India
A34: 46089.416 | B34: 46089.645 | C34: 46093.711 | D34: 46093.94 | E34: 46092.007 | F34: 46093.94 | G34: Devang Thakkar | H34: 4023 | I34: 2784.1333 | J34: cqa | K34: 12827215 | L34: Austin Christensen, MD | M34: Harmon Medical And Rehabilitation Hospital | N34: Clinic | O34: sandeepskn88@gmail.com | P34: Sandeep S | Q34: Trivandrum | R34: Go | S34: 61.45 | T34: 100 | U34: Minor-Punctuation/Grammar/Feedback | V34: 1 | X34: Psychiatric Assessment | AA34: 1440 | AB34: No | AC34: 192 | AD34: Normal | AE34: Missed | AF34: 0 | AK34: =INT(D34) -> 46093 | AL34: ="Week"&WEEKNUM(D34) -> Week11 | AM34: HMRH | AN34: =IF(AO34>98.5,"Go","NoGo") -> Go | AO34: =100-(AQ34/S34*100) -> 100 | AP34: =IFERROR(AX34*V34,0) -> 0 | AQ34: =100-T34 -> 0 | AR34: Aneesh | AS34: Aneesh | AT34: Aneesh | AU34: =IF(AX34="","",IF(AX34=1,"Major",IF(AX34=3,"Critical",IF(AX34=0,"Minor","")))) -> Minor | AV34: =K34&P34 -> 12827215Sandeep S | AW34: =IF(U34="","",LEFT(U34,FIND("-",U34,1)-1)) -> Minor | AX34: =IF(AW34="Minor",0,IF(AW34="Major",1,IF(AW34="Critical",3,""))) -> 0 | AY34: Trivandrum | AZ34: FALSE | BA34: =IF(U34="","",COUNTIF(U34,U34:U34)) -> 1 | BB34: =V34 -> 1 | BC34: Sandeep S | BD34: mt_new | BE34: awaiting_upload | BF34: FALSE | BG34: =VLOOKUP(AM34,Group!$C:$H,5,0) -> Fundamental | BH34: =VLOOKUP(P34,others!$C:$G,5,0) -> MTX - India
A35: 46090.475 | B35: 46090.704 | C35: 46093.716 | D35: 46093.945 | E35: 46092.007 | F35: 46093.945 | G35: Devang Thakkar | H35: 346 | I35: 2790.4167 | J35: cqa | K35: 12827329 | L35: Joel Wietfeldt, MD | M35: Hillsboro Area Hospital | N35: Clinic | O35: ushaaaam40@gmail.com | P35: Usha M | Q35: Trivandrum | R35: No Go | S35: 43.49 | T35: 98 | U35: Major-Incorrect Text/Gender/Names | V35: 2 | X35: HAH_OP | AA35: 120 | AB35: No | AC35: 218 | AD35: Normal | AE35: Achieved | AF35: 0 | AK35: =INT(D35) -> 46093 | AL35: ="Week"&WEEKNUM(D35) -> Week11 | AM35: HAH | AN35: =IF(AO35>98.5,"Go","NoGo") -> NoGo | AO35: =100-(AQ35/S35*100) -> 95.401242 | AP35: =IFERROR(AX35*V35,0) -> 2 | AQ35: =100-T35 -> 2 | AR35: Aneesh | AS35: Aneesh | AT35: Aneesh | AU35: =IF(AX35="","",IF(AX35=1,"Major",IF(AX35=3,"Critical",IF(AX35=0,"Minor","")))) -> Major | AV35: =K35&P35 -> 12827329Usha M | AW35: =IF(U35="","",LEFT(U35,FIND("-",U35,1)-1)) -> Major | AX35: =IF(AW35="Minor",0,IF(AW35="Major",1,IF(AW35="Critical",3,""))) -> 1 | AY35: Trivandrum | AZ35: FALSE | BA35: =IF(U35="","",COUNTIF(U35,U35:U35)) -> 1 | BB35: =V35 -> 2 | BC35: Usha M | BD35: mt_new | BE35: awaiting_upload | BF35: FALSE | BG35: =VLOOKUP(AM35,Group!$C:$H,5,0) -> Others | BH35: =VLOOKUP(P35,others!$C:$G,5,0) -> MTX - India
A36: 46090.567 | B36: 46090.796 | C36: 46093.718 | D36: 46093.947 | E36: 46092.007 | F36: 46093.947 | G36: Devang Thakkar | H36: 155 | I36: 2793.15 | J36: cqa | K36: 12827359 | L36: Adam Abodeely, MD | M36: Adirondack Medical Center | N36: Clinic | O36: veejay_b@yahoo.com | P36: Vijay Babu | Q36: Trivandrum | R36: Go | S36: 27.45 | T36: 100 | V36: 0 | X36: Generic Operative Report | AA36: 360 | AB36: No | AC36: 105 | AD36: Normal | AE36: Achieved | AF36: 0 | AK36: =INT(D36) -> 46093 | AL36: ="Week"&WEEKNUM(D36) -> Week11 | AM36: AMC | AN36: =IF(AO36>98.5,"Go","NoGo") -> Go | AO36: =100-(AQ36/S36*100) -> 100 | AP36: =IFERROR(AX36*V36,0) -> 0 | AQ36: =100-T36 -> 0 | AR36: Aneesh | AS36: Aneesh | AT36: Aneesh | AU36: =IF(AX36="","",IF(AX36=1,"Major",IF(AX36=3,"Critical",IF(AX36=0,"Minor","")))) | AV36: =K36&P36 -> 12827359Vijay Babu | AW36: =IF(U36="","",LEFT(U36,FIND("-",U36,1)-1)) | AX36: =IF(AW36="Minor",0,IF(AW36="Major",1,IF(AW36="Critical",3,""))) | AY36: Trivandrum | AZ36: FALSE | BA36: =IF(U36="","",COUNTIF(U36,U36:U36)) | BB36: =V36 -> 0 | BC36: Vijay Babu | BD36: mt_new | BE36: awaiting_upload | BF36: FALSE | BG36: =VLOOKUP(AM36,Group!$C:$H,5,0) -> AMC Group | BH36: =VLOOKUP(P36,others!$C:$G,5,0) -> MTX - India
A37: 46090.546 | B37: 46090.775 | C37: 46093.723 | D37: 46093.952 | E37: 46093.413 | F37: 46093.952 | G37: Devang Thakkar | H37: 190 | I37: 776.9833 | J37: cqa | K37: 12827338 | L37: Christopher Sanchez, MD | M37: Sterling Surgical Hospital | N37: clinic | O37: ushaaaam40@gmail.com | P37: Usha M | Q37: Trivandrum | R37: Go | S37: 38.05 | T37: 100 | V37: 0 | X37: Operative Report | AA37: 360 | AB37: No | AC37: 186 | AD37: Normal | AE37: Achieved | AF37: 0 | AK37: =INT(D37) -> 46093 | AL37: ="Week"&WEEKNUM(D37) -> Week11 | AM37: SSH | AN37: =IF(AO37>98.5,"Go","NoGo") -> Go | AO37: =100-(AQ37/S37*100) -> 100 | AP37: =IFERROR(AX37*V37,0) -> 0 | AQ37: =100-T37 -> 0 | AR37: Ankit | AS37: Aneesh | AT37: Aneesh | AU37: =IF(AX37="","",IF(AX37=1,"Major",IF(AX37=3,"Critical",IF(AX37=0,"Minor","")))) | AV37: =K37&P37 -> 12827338Usha M | AW37: =IF(U37="","",LEFT(U37,FIND("-",U37,1)-1)) | AX37: =IF(AW37="Minor",0,IF(AW37="Major",1,IF(AW37="Critical",3,""))) | AY37: Trivandrum | AZ37: FALSE | BA37: =IF(U37="","",COUNTIF(U37,U37:U37)) | BB37: =V37 -> 0 | BC37: Usha M | BD37: mt_new | BE37: awaiting_upload | BF37: FALSE | BG37: =VLOOKUP(AM37,Group!$C:$H,5,0) -> Others | BH37: =VLOOKUP(P37,others!$C:$G,5,0) -> MTX - India
A38: 46091.389 | B38: 46091.619 | C38: 46093.761 | D38: 46093.99 | E38: 46093.414 | F38: 46093.99 | G38: Devang Thakkar | H38: 233 | I38: 829.8167 | J38: cqa | K38: 12827624 | L38: Daniel Alexander, MD | M38: Auburn Community Hospital | N38: clinic | O38: veejay_b@yahoo.com | P38: Vijay Babu | Q38: Trivandrum | R38: Go | S38: 51.65 | T38: 100 | V38: 0 | X38: Operative Report | AA38: 720 | AB38: No | AC38: 200 | AD38: Normal | AE38: Achieved | AF38: 0 | AK38: =INT(D38) -> 46093 | AL38: ="Week"&WEEKNUM(D38) -> Week11 | AM38: Auburn HIM | AN38: =IF(AO38>98.5,"Go","NoGo") -> Go | AO38: =100-(AQ38/S38*100) -> 100 | AP38: =IFERROR(AX38*V38,0) -> 0 | AQ38: =100-T38 -> 0 | AR38: Ankit | AS38: Aneesh | AT38: Aneesh | AU38: =IF(AX38="","",IF(AX38=1,"Major",IF(AX38=3,"Critical",IF(AX38=0,"Minor","")))) | AV38: =K38&P38 -> 12827624Vijay Babu | AW38: =IF(U38="","",LEFT(U38,FIND("-",U38,1)-1)) | AX38: =IF(AW38="Minor",0,IF(AW38="Major",1,IF(AW38="Critical",3,""))) | AY38: Trivandrum | AZ38: FALSE | BA38: =IF(U38="","",COUNTIF(U38,U38:U38)) | BB38: =V38 -> 0 | BC38: Vijay Babu | BD38: mt_new | BE38: awaiting_upload | BF38: FALSE | BG38: =VLOOKUP(AM38,Group!$C:$H,5,0) -> Others | BH38: =VLOOKUP(P38,others!$C:$G,5,0) -> MTX - India
A39: 46091.305 | B39: 46091.534 | C39: 46093.764 | D39: 46093.993 | E39: 46093.414 | F39: 46093.993 | G39: Devang Thakkar | H39: 265 | I39: 834.5667 | J39: cqa | K39: 12827641 | L39: Austin Christensen, MD | M39: Harmon Medical And Rehabilitation Hospital | N39: Clinic | O39: veejay_b@yahoo.com | P39: Vijay Babu | Q39: Trivandrum | R39: Go | S39: 67.82 | T39: 100 | V39: 0 | X39: Psychiatric Assessment | AA39: 1440 | AB39: No | AC39: 202 | AD39: Normal | AE39: Achieved | AF39: 0 | AK39: =INT(D39) -> 46093 | AL39: ="Week"&WEEKNUM(D39) -> Week11 | AM39: HMRH | AN39: =IF(AO39>98.5,"Go","NoGo") -> Go | AO39: =100-(AQ39/S39*100) -> 100 | AP39: =IFERROR(AX39*V39,0) -> 0 | AQ39: =100-T39 -> 0 | AR39: Aneesh | AS39: Aneesh | AT39: Aneesh | AU39: =IF(AX39="","",IF(AX39=1,"Major",IF(AX39=3,"Critical",IF(AX39=0,"Minor","")))) | AV39: =K39&P39 -> 12827641Vijay Babu | AW39: =IF(U39="","",LEFT(U39,FIND("-",U39,1)-1)) | AX39: =IF(AW39="Minor",0,IF(AW39="Major",1,IF(AW39="Critical",3,""))) | AY39: Trivandrum | AZ39: FALSE | BA39: =IF(U39="","",COUNTIF(U39,U39:U39)) | BB39: =V39 -> 0 | BC39: Vijay Babu | BD39: mt_new | BE39: awaiting_upload | BF39: FALSE | BG39: =VLOOKUP(AM39,Group!$C:$H,5,0) -> Fundamental | BH39: =VLOOKUP(P39,others!$C:$G,5,0) -> MTX - India
A40: 46091.331 | B40: 46091.56 | C40: 46093.767 | D40: 46093.996 | E40: 46093.414 | F40: 46093.996 | G40: Devang Thakkar | H40: 2299 | I40: 838.5667 | J40: cqa | K40: 12827613 | L40: Joseph Blaser, DO | M40: Hillsboro Area Hospital | N40: Clinic | O40: veejay_b@yahoo.com | P40: Vijay Babu | Q40: Trivandrum | R40: Go | S40: 50.49 | T40: 100 | V40: 0 | X40: HAH_OP | AA40: 120 | AB40: No | AC40: 209 | AD40: Normal | AE40: Achieved | AF40: 0 | AK40: =INT(D40) -> 46093 | AL40: ="Week"&WEEKNUM(D40) -> Week11 | AM40: HAH | AN40: =IF(AO40>98.5,"Go","NoGo") -> Go | AO40: =100-(AQ40/S40*100) -> 100 | AP40: =IFERROR(AX40*V40,0) -> 0 | AQ40: =100-T40 -> 0 | AR40: Aneesh | AS40: Aneesh | AT40: Aneesh | AU40: =IF(AX40="","",IF(AX40=1,"Major",IF(AX40=3,"Critical",IF(AX40=0,"Minor","")))) | AV40: =K40&P40 -> 12827613Vijay Babu | AW40: =IF(U40="","",LEFT(U40,FIND("-",U40,1)-1)) | AX40: =IF(AW40="Minor",0,IF(AW40="Major",1,IF(AW40="Critical",3,""))) | AY40: Trivandrum | AZ40: FALSE | BA40: =IF(U40="","",COUNTIF(U40,U40:U40)) | BB40: =V40 -> 0 | BC40: Vijay Babu | BD40: mt_new | BE40: awaiting_upload | BF40: FALSE | BG40: =VLOOKUP(AM40,Group!$C:$H,5,0) -> Others | BH40: =VLOOKUP(P40,others!$C:$G,5,0) -> MTX - India
A41: 46089.889 | B41: 46090.118 | C41: 46093.771 | D41: 46094 | E41: 46092.007 | F41: 46094 | G41: Devang Thakkar | H41: 303 | I41: 2869.9333 | J41: cqa | K41: 12827252 | L41: Kamran Khan, DO | M41: Harmon Medical And Rehabilitation Hospital | N41: Clinic | O41: sandeepskn88@gmail.com | P41: Sandeep S | Q41: Trivandrum | R41: Go | S41: 35.31 | T41: 99 | U41: Major-Incorrect Text/Gender/Names | V41: 1 | X41: History & Physical | AA41: 480 | AB41: No | AC41: 174 | AD41: Normal | AE41: Achieved | AF41: 0 | AK41: =INT(D41) -> 46093 | AL41: ="Week"&WEEKNUM(D41) -> Week11 | AM41: HMRH | AN41: =IF(AO41>98.5,"Go","NoGo") -> NoGo | AO41: =100-(AQ41/S41*100) -> 97.167941 | AP41: =IFERROR(AX41*V41,0) -> 1 | AQ41: =100-T41 -> 1 | AR41: Aneesh | AS41: Aneesh | AT41: Aneesh | AU41: =IF(AX41="","",IF(AX41=1,"Major",IF(AX41=3,"Critical",IF(AX41=0,"Minor","")))) -> Major | AV41: =K41&P41 -> 12827252Sandeep S | AW41: =IF(U41="","",LEFT(U41,FIND("-",U41,1)-1)) -> Major | AX41: =IF(AW41="Minor",0,IF(AW41="Major",1,IF(AW41="Critical",3,""))) -> 1 | AY41: Trivandrum | AZ41: TRUE | BA41: =IF(U41="","",COUNTIF(U41,U41:U41)) -> 1 | BB41: =V41 -> 1 | BC41: Sandeep S | BD41: mt_new | BE41: awaiting_upload | BF41: TRUE | BG41: =VLOOKUP(AM41,Group!$C:$H,5,0) -> Fundamental | BH41: =VLOOKUP(P41,others!$C:$G,5,0) -> MTX - India
A42: 46089.889 | B42: 46090.118 | C42: 46093.771 | D42: 46094 | E42: 46092.007 | F42: 46094 | G42: Devang Thakkar | H42: 303 | I42: 2869.9333 | J42: cqa | K42: 12827252 | L42: Kamran Khan, DO | M42: Harmon Medical And Rehabilitation Hospital | N42: Clinic | O42: sandeepskn88@gmail.com | P42: Sandeep S | Q42: Trivandrum | R42: Go | S42: 35.31 | T42: 99 | U42: Minor-Punctuation/Grammar/Feedback | V42: 3 | X42: History & Physical | AA42: 480 | AB42: No | AC42: 174 | AD42: Normal | AE42: Achieved | AF42: 0 | AK42: =INT(D42) -> 46093 | AL42: ="Week"&WEEKNUM(D42) -> Week11 | AM42: HMRH | AN42: =IF(AO42>98.5,"Go","NoGo") -> NoGo | AO42: =100-(AQ42/S42*100) -> 97.167941 | AP42: =IFERROR(AX42*V42,0) -> 0 | AQ42: =100-T42 -> 1 | AR42: Aneesh | AS42: Aneesh | AT42: Aneesh | AU42: =IF(AX42="","",IF(AX42=1,"Major",IF(AX42=3,"Critical",IF(AX42=0,"Minor","")))) -> Minor | AV42: =K42&P42 -> 12827252Sandeep S | AW42: =IF(U42="","",LEFT(U42,FIND("-",U42,1)-1)) -> Minor | AX42: =IF(AW42="Minor",0,IF(AW42="Major",1,IF(AW42="Critical",3,""))) -> 0 | AY42: Trivandrum | AZ42: FALSE | BA42: =IF(U42="","",COUNTIF(U42,U42:U42)) -> 1 | BB42: =V42 -> 3 | BC42: Sandeep S | BD42: mt_new | BE42: awaiting_upload | BF42: FALSE | BG42: =VLOOKUP(AM42,Group!$C:$H,5,0) -> Fundamental | BH42: =VLOOKUP(P42,others!$C:$G,5,0) -> MTX - India
A43: 46086.33 | B43: 46086.559 | C43: 46093.814 | D43: 46094.044 | E43: 46092.006 | F43: 46094.044 | G43: Devang Thakkar | H43: 250 | I43: 2934.55 | J43: cqa | K43: 12826490 | L43: Eve Burns, MD | M43: Adirondack Medical Center | N43: Clinic | O43: ushaaaam40@gmail.com | P43: Usha M | Q43: Trivandrum | R43: No Go | S43: 24.2 | T43: 98 | U43: Major-Incorrect Text/Gender/Names | V43: 2 | X43: Discharge Summary | AA43: 1440 | AB43: No | AC43: 158 | AD43: Normal | AE43: Achieved | AF43: 0 | AK43: =INT(D43) -> 46094 | AL43: ="Week"&WEEKNUM(D43) -> Week11 | AM43: AMC | AN43: =IF(AO43>98.5,"Go","NoGo") -> NoGo | AO43: =100-(AQ43/S43*100) -> 91.735537 | AP43: =IFERROR(AX43*V43,0) -> 2 | AQ43: =100-T43 -> 2 | AR43: Aneesh | AS43: Aneesh | AT43: Aneesh | AU43: =IF(AX43="","",IF(AX43=1,"Major",IF(AX43=3,"Critical",IF(AX43=0,"Minor","")))) -> Major | AV43: =K43&P43 -> 12826490Usha M | AW43: =IF(U43="","",LEFT(U43,FIND("-",U43,1)-1)) -> Major | AX43: =IF(AW43="Minor",0,IF(AW43="Major",1,IF(AW43="Critical",3,""))) -> 1 | AY43: Trivandrum | AZ43: TRUE | BA43: =IF(U43="","",COUNTIF(U43,U43:U43)) -> 1 | BB43: =V43 -> 2 | BC43: Usha M | BD43: mt_new | BE43: awaiting_upload | BF43: TRUE | BG43: =VLOOKUP(AM43,Group!$C:$H,5,0) -> AMC Group | BH43: =VLOOKUP(P43,others!$C:$G,5,0) -> MTX - India
A44: 46086.33 | B44: 46086.559 | C44: 46093.814 | D44: 46094.044 | E44: 46092.006 | F44: 46094.044 | G44: Devang Thakkar | H44: 250 | I44: 2934.55 | J44: cqa | K44: 12826490 | L44: Eve Burns, MD | M44: Adirondack Medical Center | N44: Clinic | O44: ushaaaam40@gmail.com | P44: Usha M | Q44: Trivandrum | R44: No Go | S44: 24.2 | T44: 98 | U44: Minor-Punctuation/Grammar/Feedback | V44: 2 | X44: Discharge Summary | AA44: 1440 | AB44: No | AC44: 158 | AD44: Normal | AE44: Achieved | AF44: 0 | AK44: =INT(D44) -> 46094 | AL44: ="Week"&WEEKNUM(D44) -> Week11 | AM44: AMC | AN44: =IF(AO44>98.5,"Go","NoGo") -> NoGo | AO44: =100-(AQ44/S44*100) -> 91.735537 | AP44: =IFERROR(AX44*V44,0) -> 0 | AQ44: =100-T44 -> 2 | AR44: Aneesh | AS44: Aneesh | AT44: Aneesh | AU44: =IF(AX44="","",IF(AX44=1,"Major",IF(AX44=3,"Critical",IF(AX44=0,"Minor","")))) -> Minor | AV44: =K44&P44 -> 12826490Usha M | AW44: =IF(U44="","",LEFT(U44,FIND("-",U44,1)-1)) -> Minor | AX44: =IF(AW44="Minor",0,IF(AW44="Major",1,IF(AW44="Critical",3,""))) -> 0 | AY44: Trivandrum | AZ44: FALSE | BA44: =IF(U44="","",COUNTIF(U44,U44:U44)) -> 1 | BB44: =V44 -> 2 | BC44: Usha M | BD44: mt_new | BE44: awaiting_upload | BF44: FALSE | BG44: =VLOOKUP(AM44,Group!$C:$H,5,0) -> AMC Group | BH44: =VLOOKUP(P44,others!$C:$G,5,0) -> MTX - India
A45: 46090.39 | B45: 46090.619 | C45: 46093.819 | D45: 46094.048 | E45: 46092.007 | F45: 46094.048 | G45: Devang Thakkar | H45: 358 | I45: 2938.6333 | J45: cqa | K45: 12827283 | L45: Daniel Zakhary, MD | M45: Adirondack Medical Center | N45: Clinic | O45: veejay_b@yahoo.com | P45: Vijay Babu | Q45: Trivandrum | R45: Go | S45: 17.92 | T45: 100 | U45: Minor-Punctuation/Grammar/Feedback | V45: 2 | X45: STRESS TEST REPORT | AA45: 1440 | AB45: No | AC45: 159 | AD45: Normal | AE45: Achieved | AF45: 1 | AK45: =INT(D45) -> 46094 | AL45: ="Week"&WEEKNUM(D45) -> Week11 | AM45: AMC | AN45: =IF(AO45>98.5,"Go","NoGo") -> Go | AO45: =100-(AQ45/S45*100) -> 100 | AP45: =IFERROR(AX45*V45,0) -> 0 | AQ45: =100-T45 -> 0 | AR45: Aneesh | AS45: Aneesh | AT45: Aneesh | AU45: =IF(AX45="","",IF(AX45=1,"Major",IF(AX45=3,"Critical",IF(AX45=0,"Minor","")))) -> Minor | AV45: =K45&P45 -> 12827283Vijay Babu | AW45: =IF(U45="","",LEFT(U45,FIND("-",U45,1)-1)) -> Minor | AX45: =IF(AW45="Minor",0,IF(AW45="Major",1,IF(AW45="Critical",3,""))) -> 0 | AY45: Trivandrum | AZ45: FALSE | BA45: =IF(U45="","",COUNTIF(U45,U45:U45)) -> 1 | BB45: =V45 -> 2 | BC45: Vijay Babu | BD45: mt_new | BE45: awaiting_upload | BF45: FALSE | BG45: =VLOOKUP(AM45,Group!$C:$H,5,0) -> AMC Group | BH45: =VLOOKUP(P45,others!$C:$G,5,0) -> MTX - India
A46: 46088.597 | B46: 46088.826 | C46: 46093.821 | D46: 46094.051 | E46: 46092.007 | F46: 46094.051 | G46: Devang Thakkar | H46: 227 | I46: 2943.1333 | J46: cqa | K46: 12827157 | L46: Adam Abodeely, MD | M46: Adirondack Medical Center | N46: Clinic | O46: veejay_b@yahoo.com | P46: Vijay Babu | Q46: Trivandrum | R46: Go | S46: 37.34 | T46: 100 | U46: Minor-Punctuation/Grammar/Feedback | V46: 1 | X46: History and Physical | AA46: 360 | AB46: No | AC46: 174 | AD46: Normal | AE46: Achieved | AF46: 0 | AK46: =INT(D46) -> 46094 | AL46: ="Week"&WEEKNUM(D46) -> Week11 | AM46: AMC | AN46: =IF(AO46>98.5,"Go","NoGo") -> Go | AO46: =100-(AQ46/S46*100) -> 100 | AP46: =IFERROR(AX46*V46,0) -> 0 | AQ46: =100-T46 -> 0 | AR46: Aneesh | AS46: Aneesh | AT46: Aneesh | AU46: =IF(AX46="","",IF(AX46=1,"Major",IF(AX46=3,"Critical",IF(AX46=0,"Minor","")))) -> Minor | AV46: =K46&P46 -> 12827157Vijay Babu | AW46: =IF(U46="","",LEFT(U46,FIND("-",U46,1)-1)) -> Minor | AX46: =IF(AW46="Minor",0,IF(AW46="Major",1,IF(AW46="Critical",3,""))) -> 0 | AY46: Trivandrum | AZ46: FALSE | BA46: =IF(U46="","",COUNTIF(U46,U46:U46)) -> 1 | BB46: =V46 -> 1 | BC46: Vijay Babu | BD46: mt_new | BE46: awaiting_upload | BF46: FALSE | BG46: =VLOOKUP(AM46,Group!$C:$H,5,0) -> AMC Group | BH46: =VLOOKUP(P46,others!$C:$G,5,0) -> MTX - India
A47: 46086.538 | B47: 46086.767 | C47: 46093.833 | D47: 46094.062 | E47: 46091.534 | F47: 46094.062 | G47: Devang Thakkar | H47: 178 | I47: 3640.1167 | J47: cqa | K47: 12826577 | L47: Manuel Ojeda, MD | M47: Miami Jewish Health Systems | N47: NursingHome | O47: veejay_b@yahoo.com | P47: Vijay Babu | Q47: Trivandrum | R47: Go | S47: 34.85 | T47: 100 | V47: 0 | X47: Progress Note (Nursing Home) | AA47: 720 | AB47: Yes | AC47: 156 | AD47: Normal | AE47: Achieved | AF47: 0 | AK47: =INT(D47) -> 46094 | AL47: ="Week"&WEEKNUM(D47) -> Week11 | AM47: MJHS | AN47: =IF(AO47>98.5,"Go","NoGo") -> Go | AO47: =100-(AQ47/S47*100) -> 100 | AP47: =IFERROR(AX47*V47,0) -> 0 | AQ47: =100-T47 -> 0 | AR47: Aneesh | AS47: Aneesh | AT47: Aneesh | AU47: =IF(AX47="","",IF(AX47=1,"Major",IF(AX47=3,"Critical",IF(AX47=0,"Minor","")))) | AV47: =K47&P47 -> 12826577Vijay Babu | AW47: =IF(U47="","",LEFT(U47,FIND("-",U47,1)-1)) | AX47: =IF(AW47="Minor",0,IF(AW47="Major",1,IF(AW47="Critical",3,""))) | AY47: Trivandrum | AZ47: FALSE | BA47: =IF(U47="","",COUNTIF(U47,U47:U47)) | BB47: =V47 -> 0 | BC47: Gopal Rajith | BD47: qa_new | BE47: awaiting_upload | BF47: FALSE | BG47: =VLOOKUP(AM47,Group!$C:$H,5,0) -> Others | BH47: =VLOOKUP(P47,others!$C:$G,5,0) -> MTX - India
A48: 46084.902 | B48: 46085.131 | C48: 46093.836 | D48: 46094.065 | E48: 46091.821 | F48: 46094.065 | G48: Devang Thakkar | H48: 5502 | I48: 3231.05 | J48: cqa | K48: 12826021 | L48: Sabieli Kabeli, MD | M48: Adirondack Medical Center | N48: Clinic | O48: sandeepskn88@gmail.com | P48: Sandeep S | Q48: Trivandrum | R48: Go | S48: 27.74 | T48: 100 | V48: 0 | X48: SLEEP STUDY | AA48: 1440 | AB48: No | AC48: 191 | AD48: Normal | AE48: Achieved | AF48: 0 | AK48: =INT(D48) -> 46094 | AL48: ="Week"&WEEKNUM(D48) -> Week11 | AM48: AMC | AN48: =IF(AO48>98.5,"Go","NoGo") -> Go | AO48: =100-(AQ48/S48*100) -> 100 | AP48: =IFERROR(AX48*V48,0) -> 0 | AQ48: =100-T48 -> 0 | AR48: Aneesh | AS48: Aneesh | AT48: Aneesh | AU48: =IF(AX48="","",IF(AX48=1,"Major",IF(AX48=3,"Critical",IF(AX48=0,"Minor","")))) | AV48: =K48&P48 -> 12826021Sandeep S | AW48: =IF(U48="","",LEFT(U48,FIND("-",U48,1)-1)) | AX48: =IF(AW48="Minor",0,IF(AW48="Major",1,IF(AW48="Critical",3,""))) | AY48: Trivandrum | AZ48: FALSE | BA48: =IF(U48="","",COUNTIF(U48,U48:U48)) | BB48: =V48 -> 0 | BC48: Sandeep S | BD48: mt_new | BE48: awaiting_upload | BF48: FALSE | BG48: =VLOOKUP(AM48,Group!$C:$H,5,0) -> AMC Group | BH48: =VLOOKUP(P48,others!$C:$G,5,0) -> MTX - India
A49: 46085.617 | B49: 46085.847 | C49: 46093.839 | D49: 46094.068 | E49: 46091.821 | F49: 46094.068 | G49: Devang Thakkar | H49: 4731 | I49: 3236.0333 | J49: cqa | K49: 12826278 | L49: Sabieli Kabeli, MD | M49: Adirondack Medical Center | N49: Clinic | O49: sandeepskn88@gmail.com | P49: Sandeep S | Q49: Trivandrum | R49: Go | S49: 30.75 | T49: 100 | V49: 0 | X49: SLEEP STUDY | AA49: 1440 | AB49: No | AC49: 190 | AD49: Normal | AE49: Achieved | AF49: 0 | AK49: =INT(D49) -> 46094 | AL49: ="Week"&WEEKNUM(D49) -> Week11 | AM49: AMC | AN49: =IF(AO49>98.5,"Go","NoGo") -> Go | AO49: =100-(AQ49/S49*100) -> 100 | AP49: =IFERROR(AX49*V49,0) -> 0 | AQ49: =100-T49 -> 0 | AR49: Aneesh | AS49: Aneesh | AT49: Aneesh | AU49: =IF(AX49="","",IF(AX49=1,"Major",IF(AX49=3,"Critical",IF(AX49=0,"Minor","")))) | AV49: =K49&P49 -> 12826278Sandeep S | AW49: =IF(U49="","",LEFT(U49,FIND("-",U49,1)-1)) | AX49: =IF(AW49="Minor",0,IF(AW49="Major",1,IF(AW49="Critical",3,""))) | AY49: Trivandrum | AZ49: FALSE | BA49: =IF(U49="","",COUNTIF(U49,U49:U49)) | BB49: =V49 -> 0 | BC49: Sandeep S | BD49: mt_new | BE49: awaiting_upload | BF49: FALSE | BG49: =VLOOKUP(AM49,Group!$C:$H,5,0) -> AMC Group | BH49: =VLOOKUP(P49,others!$C:$G,5,0) -> MTX - India
A50: 46087.559 | B50: 46087.788 | C50: 46093.841 | D50: 46094.07 | E50: 46092.006 | F50: 46094.07 | G50: Devang Thakkar | H50: 145 | I50: 2972.7167 | J50: cqa | K50: 12826910 | L50: Sabieli Kabeli, MD | M50: Adirondack Medical Center | N50: Clinic | O50: veejay_b@yahoo.com | P50: Vijay Babu | Q50: Trivandrum | R50: Go | S50: 22.8 | T50: 100 | V50: 0 | X50: SLEEP STUDY | AA50: 1440 | AB50: No | AC50: 115 | AD50: Normal | AE50: Achieved | AF50: 0 | AK50: =INT(D50) -> 46094 | AL50: ="Week"&WEEKNUM(D50) -> Week11 | AM50: AMC | AN50: =IF(AO50>98.5,"Go","NoGo") -> Go | AO50: =100-(AQ50/S50*100) -> 100 | AP50: =IFERROR(AX50*V50,0) -> 0 | AQ50: =100-T50 -> 0 | AR50: Aneesh | AS50: Aneesh | AT50: Aneesh | AU50: =IF(AX50="","",IF(AX50=1,"Major",IF(AX50=3,"Critical",IF(AX50=0,"Minor","")))) | AV50: =K50&P50 -> 12826910Vijay Babu | AW50: =IF(U50="","",LEFT(U50,FIND("-",U50,1)-1)) | AX50: =IF(AW50="Minor",0,IF(AW50="Major",1,IF(AW50="Critical",3,""))) | AY50: Trivandrum | AZ50: FALSE | BA50: =IF(U50="","",COUNTIF(U50,U50:U50)) | BB50: =V50 -> 0 | BC50: Vijay Babu | BD50: mt_new | BE50: awaiting_upload | BF50: FALSE | BG50: =VLOOKUP(AM50,Group!$C:$H,5,0) -> AMC Group | BH50: =VLOOKUP(P50,others!$C:$G,5,0) -> MTX - India
A51: 46092.454 | B51: 46092.683 | C51: 46094.11 | D51: 46094.34 | E51: 46094.071 | F51: 46094.34 | G51: Devang Thakkar | H51: 381 | I51: 387.3167 | J51: cqa | K51: 12828038 | L51: Jeffrey Dodge, DO | M51: Adirondack Medical Center | N51: Clinic | O51: ushaaaam40@gmail.com | P51: Usha M | Q51: Trivandrum | R51: Go | S51: 51.11 | T51: 100 | U51: Minor-Punctuation/Grammar/Feedback | V51: 1 | X51: Generic Operative Report | AA51: 360 | AB51: No | AC51: 204 | AD51: Normal | AE51: Achieved | AF51: 0 | AK51: =INT(D51) -> 46094 | AL51: ="Week"&WEEKNUM(D51) -> Week11 | AM51: AMC | AN51: =IF(AO51>98.5,"Go","NoGo") -> Go | AO51: =100-(AQ51/S51*100) -> 100 | AP51: =IFERROR(AX51*V51,0) -> 0 | AQ51: =100-T51 -> 0 | AR51: Aneesh | AS51: Aneesh | AT51: Aneesh | AU51: =IF(AX51="","",IF(AX51=1,"Major",IF(AX51=3,"Critical",IF(AX51=0,"Minor","")))) -> Minor | AV51: =K51&P51 -> 12828038Usha M | AW51: =IF(U51="","",LEFT(U51,FIND("-",U51,1)-1)) -> Minor | AX51: =IF(AW51="Minor",0,IF(AW51="Major",1,IF(AW51="Critical",3,""))) -> 0 | AY51: Trivandrum | AZ51: FALSE | BA51: =IF(U51="","",COUNTIF(U51,U51:U51)) -> 1 | BB51: =V51 -> 1 | BC51: Usha M | BD51: mt_new | BE51: awaiting_upload | BF51: FALSE | BG51: =VLOOKUP(AM51,Group!$C:$H,5,0) -> AMC Group | BH51: =VLOOKUP(P51,others!$C:$G,5,0) -> MTX - India
A52: 46091.665 | B52: 46091.895 | C52: 46094.125 | D52: 46094.354 | E52: 46094.065 | F52: 46094.354 | G52: Devang Thakkar | H52: 1490 | I52: 416.1333 | J52: cqa | K52: 12827745 | L52: Joseph Schwartzer, MD | M52: Norfolk Community Service Board | N52: Clinic | O52: sivasankari.a@cardioscribes.com | P52: Sivasankari A | Q52: Chennai | R52: Go | S52: 155.23 | T52: 100 | U52: Minor-Punctuation/Grammar/Feedback | V52: 2 | X52: Integrated Care Unit_Progress Note_3 | AA52: 1440 | AB52: No | AC52: 1269 | AD52: Normal | AE52: Achieved | AF52: 0 | AK52: =INT(D52) -> 46094 | AL52: ="Week"&WEEKNUM(D52) -> Week11 | AM52: NCSB | AN52: =IF(AO52>98.5,"Go","NoGo") -> Go | AO52: =100-(AQ52/S52*100) -> 100 | AP52: =IFERROR(AX52*V52,0) -> 0 | AQ52: =100-T52 -> 0 | AR52: Aneesh | AS52: Aneesh | AT52: Aneesh | AU52: =IF(AX52="","",IF(AX52=1,"Major",IF(AX52=3,"Critical",IF(AX52=0,"Minor","")))) -> Minor | AV52: =K52&P52 -> 12827745Sivasankari A | AW52: =IF(U52="","",LEFT(U52,FIND("-",U52,1)-1)) -> Minor | AX52: =IF(AW52="Minor",0,IF(AW52="Major",1,IF(AW52="Critical",3,""))) -> 0 | AY52: Trivandrum | AZ52: FALSE | BA52: =IF(U52="","",COUNTIF(U52,U52:U52)) -> 1 | BB52: =V52 -> 2 | BC52: Sivasankari A | BD52: mt_new | BE52: awaiting_upload | BF52: FALSE | BG52: =VLOOKUP(AM52,Group!$C:$H,5,0) -> Top 25 | BH52: =VLOOKUP(P52,others!$C:$G,5,0) -> VR QA - India
A53: 46087.564 | B53: 46087.794 | C53: 46094.213 | D53: 46094.442 | E53: 46094.07 | F53: 46094.442 | G53: Devang Thakkar | H53: 303 | I53: 535.4333 | J53: cqa | K53: 12826912 | L53: Sabieli Kabeli, MD | M53: Adirondack Medical Center | N53: Clinic | O53: sandeepskn88@gmail.com | P53: Sandeep S | Q53: Trivandrum | R53: Go | S53: 34.31 | T53: 100 | U53: Minor-Punctuation/Grammar/Feedback | V53: 1 | X53: SLEEP STUDY | AA53: 1440 | AB53: No | AC53: 187 | AD53: Normal | AE53: Achieved | AF53: 0 | AK53: =INT(D53) -> 46094 | AL53: ="Week"&WEEKNUM(D53) -> Week11 | AM53: AMC | AN53: =IF(AO53>98.5,"Go","NoGo") -> Go | AO53: =100-(AQ53/S53*100) -> 100 | AP53: =IFERROR(AX53*V53,0) -> 0 | AQ53: =100-T53 -> 0 | AR53: Aneesh | AS53: Aneesh | AT53: Aneesh | AU53: =IF(AX53="","",IF(AX53=1,"Major",IF(AX53=3,"Critical",IF(AX53=0,"Minor","")))) -> Minor | AV53: =K53&P53 -> 12826912Sandeep S | AW53: =IF(U53="","",LEFT(U53,FIND("-",U53,1)-1)) -> Minor | AX53: =IF(AW53="Minor",0,IF(AW53="Major",1,IF(AW53="Critical",3,""))) -> 0 | AY53: Trivandrum | AZ53: FALSE | BA53: =IF(U53="","",COUNTIF(U53,U53:U53)) -> 1 | BB53: =V53 -> 1 | BC53: Sandeep S | BD53: mt_new | BE53: awaiting_upload | BF53: FALSE | BG53: =VLOOKUP(AM53,Group!$C:$H,5,0) -> AMC Group | BH53: =VLOOKUP(P53,others!$C:$G,5,0) -> MTX - India
A54: 46087.948 | B54: 46088.177 | C54: 46094.48 | D54: 46094.709 | E54: 46094.07 | F54: 46094.709 | G54: Devang Thakkar | H54: 292 | I54: 919.3333 | J54: cqa | K54: 12827117 | L54: Kamran Khan, DO | M54: Harmon Medical And Rehabilitation Hospital | N54: Clinic | O54: sandeepskn88@gmail.com | P54: Sandeep S | Q54: Trivandrum | R54: Go | S54: 36.25 | T54: 100 | V54: 0 | X54: History & Physical | AA54: 480 | AB54: No | AC54: 196 | AD54: Normal | AE54: Achieved | AF54: 0 | AK54: =INT(D54) -> 46094 | AL54: ="Week"&WEEKNUM(D54) -> Week11 | AM54: HMRH | AN54: =IF(AO54>98.5,"Go","NoGo") -> Go | AO54: =100-(AQ54/S54*100) -> 100 | AP54: =IFERROR(AX54*V54,0) -> 0 | AQ54: =100-T54 -> 0 | AR54: Aneesh | AS54: Aneesh | AT54: Aneesh | AU54: =IF(AX54="","",IF(AX54=1,"Major",IF(AX54=3,"Critical",IF(AX54=0,"Minor","")))) | AV54: =K54&P54 -> 12827117Sandeep S | AW54: =IF(U54="","",LEFT(U54,FIND("-",U54,1)-1)) | AX54: =IF(AW54="Minor",0,IF(AW54="Major",1,IF(AW54="Critical",3,""))) | AY54: Trivandrum | AZ54: FALSE | BA54: =IF(U54="","",COUNTIF(U54,U54:U54)) | BB54: =V54 -> 0 | BC54: Sandeep S | BD54: mt_new | BE54: awaiting_upload | BF54: FALSE | BG54: =VLOOKUP(AM54,Group!$C:$H,5,0) -> Fundamental | BH54: =VLOOKUP(P54,others!$C:$G,5,0) -> MTX - India
A55: 46091.729 | B55: 46091.959 | C55: 46094.492 | D55: 46094.721 | E55: 46094.065 | F55: 46094.721 | G55: Devang Thakkar | H55: 1184 | I55: 944.9333 | J55: cqa | K55: 12827766 | L55: Joseph Schwartzer, MD | M55: Norfolk Community Service Board | N55: Clinic | O55: sivasankari.a@cardioscribes.com | P55: Sivasankari A | Q55: Chennai | R55: Go | S55: 99.77 | T55: 99 | U55: Major-Omitted/Inserted Text | V55: 1 | X55: Integrated Care Unit_Progress Note_3 | AA55: 1440 | AB55: No | AC55: 875 | AD55: Normal | AE55: Achieved | AF55: 0 | AK55: =INT(D55) -> 46094 | AL55: ="Week"&WEEKNUM(D55) -> Week11 | AM55: NCSB | AN55: =IF(AO55>98.5,"Go","NoGo") -> Go | AO55: =100-(AQ55/S55*100) -> 98.997695 | AP55: =IFERROR(AX55*V55,0) -> 1 | AQ55: =100-T55 -> 1 | AR55: Aneesh | AS55: Aneesh | AT55: Aneesh | AU55: =IF(AX55="","",IF(AX55=1,"Major",IF(AX55=3,"Critical",IF(AX55=0,"Minor","")))) -> Major | AV55: =K55&P55 -> 12827766Sivasankari A | AW55: =IF(U55="","",LEFT(U55,FIND("-",U55,1)-1)) -> Major | AX55: =IF(AW55="Minor",0,IF(AW55="Major",1,IF(AW55="Critical",3,""))) -> 1 | AY55: Trivandrum | AZ55: FALSE | BA55: =IF(U55="","",COUNTIF(U55,U55:U55)) -> 1 | BB55: =V55 -> 1 | BC55: Sivasankari A | BD55: mt_new | BE55: awaiting_upload | BF55: FALSE | BG55: =VLOOKUP(AM55,Group!$C:$H,5,0) -> Top 25 | BH55: =VLOOKUP(P55,others!$C:$G,5,0) -> VR QA - India
A56: 46091.493 | B56: 46091.722 | C56: 46096.703 | D56: 46096.932 | E56: 46095.419 | F56: 46096.932 | G56: Devang Thakkar | H56: 221 | I56: 2178.5167 | J56: cqa | K56: 12827712 | L56: ROBERT KAY, MD - ORTHOPEDIST | M56: LA County | N56: PACIFICBLVD | O56: sandeepskn88@gmail.com | P56: Sandeep S | Q56: Trivandrum | R56: Go | S56: 22.37 | T56: 100 | V56: 0 | X56: PACIFICBLVD_Clinic Notes | AA56: 1440 | AB56: No | AC56: 127 | AD56: Normal | AE56: Achieved | AF56: 0 | AK56: =INT(D56) -> 46096 | AL56: ="Week"&WEEKNUM(D56) -> Week12 | AM56: LAC | AN56: =IF(AO56>98.5,"Go","NoGo") -> Go | AO56: =100-(AQ56/S56*100) -> 100 | AP56: =IFERROR(AX56*V56,0) -> 0 | AQ56: =100-T56 -> 0 | AR56: Aneesh | AS56: Aneesh | AT56: Aneesh | AU56: =IF(AX56="","",IF(AX56=1,"Major",IF(AX56=3,"Critical",IF(AX56=0,"Minor","")))) | AV56: =K56&P56 -> 12827712Sandeep S | AW56: =IF(U56="","",LEFT(U56,FIND("-",U56,1)-1)) | AX56: =IF(AW56="Minor",0,IF(AW56="Major",1,IF(AW56="Critical",3,""))) | AY56: Trivandrum | AZ56: FALSE | BA56: =IF(U56="","",COUNTIF(U56,U56:U56)) | BB56: =V56 -> 0 | BC56: Sandeep S | BD56: mt_new | BE56: awaiting_upload | BF56: FALSE | BG56: =VLOOKUP(AM56,Group!$C:$H,5,0) -> Others | BH56: =VLOOKUP(P56,others!$C:$G,5,0) -> MTX - India
A57: 46087.517 | B57: 46087.746 | C57: 46096.708 | D57: 46096.937 | E57: 46094.065 | F57: 46096.937 | G57: Devang Thakkar | H57: 8577 | I57: 4135.3833 | J57: cqa | K57: 12826908 | L57: Paul Valenza, DPM | M57: Peterson Regional Medical Center | N57: Clinic | O57: sandeepskn88@gmail.com | P57: Sandeep S | Q57: Trivandrum | R57: Go | S57: 55.86 | T57: 100 | U57: Minor-Punctuation/Grammar/Feedback | V57: 3 | X57: Operative report | AA57: 1440 | AB57: No | AC57: 359 | AD57: Normal | AE57: Achieved | AF57: 0 | AK57: =INT(D57) -> 46096 | AL57: ="Week"&WEEKNUM(D57) -> Week12 | AM57: PRMC | AN57: =IF(AO57>98.5,"Go","NoGo") -> Go | AO57: =100-(AQ57/S57*100) -> 100 | AP57: =IFERROR(AX57*V57,0) -> 0 | AQ57: =100-T57 -> 0 | AR57: Aneesh | AS57: Aneesh | AT57: Aneesh | AU57: =IF(AX57="","",IF(AX57=1,"Major",IF(AX57=3,"Critical",IF(AX57=0,"Minor","")))) -> Minor | AV57: =K57&P57 -> 12826908Sandeep S | AW57: =IF(U57="","",LEFT(U57,FIND("-",U57,1)-1)) -> Minor | AX57: =IF(AW57="Minor",0,IF(AW57="Major",1,IF(AW57="Critical",3,""))) -> 0 | AY57: Trivandrum | AZ57: FALSE | BA57: =IF(U57="","",COUNTIF(U57,U57:U57)) -> 1 | BB57: =V57 -> 3 | BC57: Sandeep S | BD57: mt_new | BE57: awaiting_upload | BF57: FALSE | BG57: =VLOOKUP(AM57,Group!$C:$H,5,0) -> Top 25 | BH57: =VLOOKUP(P57,others!$C:$G,5,0) -> MTX - India
A58: 46091.311 | B58: 46091.54 | C58: 46096.711 | D58: 46096.94 | E58: 46095.42 | F58: 46096.94 | G58: Devang Thakkar | H58: 257 | I58: 2188.9833 | J58: cqa | K58: 12827606 | L58: Joseph Blaser, DO | M58: Hillsboro Area Hospital | N58: Clinic | O58: ushaaaam40@gmail.com | P58: Usha M | Q58: Trivandrum | R58: Go | S58: 39.68 | T58: 100 | V58: 0 | X58: HAH_OP | AA58: 120 | AB58: No | AC58: 202 | AD58: Normal | AE58: Achieved | AF58: 0 | AK58: =INT(D58) -> 46096 | AL58: ="Week"&WEEKNUM(D58) -> Week12 | AM58: HAH | AN58: =IF(AO58>98.5,"Go","NoGo") -> Go | AO58: =100-(AQ58/S58*100) -> 100 | AP58: =IFERROR(AX58*V58,0) -> 0 | AQ58: =100-T58 -> 0 | AR58: Aneesh | AS58: Aneesh | AT58: Aneesh | AU58: =IF(AX58="","",IF(AX58=1,"Major",IF(AX58=3,"Critical",IF(AX58=0,"Minor","")))) | AV58: =K58&P58 -> 12827606Usha M | AW58: =IF(U58="","",LEFT(U58,FIND("-",U58,1)-1)) | AX58: =IF(AW58="Minor",0,IF(AW58="Major",1,IF(AW58="Critical",3,""))) | AY58: Trivandrum | AZ58: FALSE | BA58: =IF(U58="","",COUNTIF(U58,U58:U58)) | BB58: =V58 -> 0 | BC58: Usha M | BD58: mt_new | BE58: awaiting_upload | BF58: FALSE | BG58: =VLOOKUP(AM58,Group!$C:$H,5,0) -> Others | BH58: =VLOOKUP(P58,others!$C:$G,5,0) -> MTX - India
A59: 46091.404 | B59: 46091.634 | C59: 46096.716 | D59: 46096.945 | E59: 46094.071 | F59: 46096.945 | G59: Devang Thakkar | H59: 391 | I59: 4139.3667 | J59: cqa | K59: 12827644 | L59: Joseph Blaser, DO | M59: Hillsboro Area Hospital | N59: Clinic | O59: ushaaaam40@gmail.com | P59: Usha M | Q59: Trivandrum | R59: Go | S59: 38.52 | T59: 100 | V59: 0 | X59: HAH_OP | AA59: 120 | AB59: No | AC59: 192 | AD59: Normal | AE59: Achieved | AF59: 0 | AK59: =INT(D59) -> 46096 | AL59: ="Week"&WEEKNUM(D59) -> Week12 | AM59: HAH | AN59: =IF(AO59>98.5,"Go","NoGo") -> Go | AO59: =100-(AQ59/S59*100) -> 100 | AP59: =IFERROR(AX59*V59,0) -> 0 | AQ59: =100-T59 -> 0 | AR59: Aneesh | AS59: Aneesh | AT59: Aneesh | AU59: =IF(AX59="","",IF(AX59=1,"Major",IF(AX59=3,"Critical",IF(AX59=0,"Minor","")))) | AV59: =K59&P59 -> 12827644Usha M | AW59: =IF(U59="","",LEFT(U59,FIND("-",U59,1)-1)) | AX59: =IF(AW59="Minor",0,IF(AW59="Major",1,IF(AW59="Critical",3,""))) | AY59: Trivandrum | AZ59: FALSE | BA59: =IF(U59="","",COUNTIF(U59,U59:U59)) | BB59: =V59 -> 0 | BC59: Usha M | BD59: mt_new | BE59: awaiting_upload | BF59: FALSE | BG59: =VLOOKUP(AM59,Group!$C:$H,5,0) -> Others | BH59: =VLOOKUP(P59,others!$C:$G,5,0) -> MTX - India
A60: 46091.424 | B60: 46091.653 | C60: 46096.719 | D60: 46096.948 | E60: 46094.071 | F60: 46096.948 | G60: Devang Thakkar | H60: 232 | I60: 4143.3167 | J60: cqa | K60: 12827651 | L60: Joseph Blaser, DO | M60: Hillsboro Area Hospital | N60: Clinic | O60: ushaaaam40@gmail.com | P60: Usha M | Q60: Trivandrum | R60: Go | S60: 38.92 | T60: 100 | V60: 0 | X60: HAH_OP | AA60: 120 | AB60: No | AC60: 202 | AD60: Normal | AE60: Achieved | AF60: 0 | AK60: =INT(D60) -> 46096 | AL60: ="Week"&WEEKNUM(D60) -> Week12 | AM60: HAH | AN60: =IF(AO60>98.5,"Go","NoGo") -> Go | AO60: =100-(AQ60/S60*100) -> 100 | AP60: =IFERROR(AX60*V60,0) -> 0 | AQ60: =100-T60 -> 0 | AR60: Aneesh | AS60: Aneesh | AT60: Aneesh | AU60: =IF(AX60="","",IF(AX60=1,"Major",IF(AX60=3,"Critical",IF(AX60=0,"Minor","")))) | AV60: =K60&P60 -> 12827651Usha M | AW60: =IF(U60="","",LEFT(U60,FIND("-",U60,1)-1)) | AX60: =IF(AW60="Minor",0,IF(AW60="Major",1,IF(AW60="Critical",3,""))) | AY60: Trivandrum | AZ60: FALSE | BA60: =IF(U60="","",COUNTIF(U60,U60:U60)) | BB60: =V60 -> 0 | BC60: Usha M | BD60: mt_new | BE60: awaiting_upload | BF60: FALSE | BG60: =VLOOKUP(AM60,Group!$C:$H,5,0) -> Others | BH60: =VLOOKUP(P60,others!$C:$G,5,0) -> MTX - India
A61: 46092.432 | B61: 46092.661 | C61: 46096.726 | D61: 46096.955 | E61: 46095.419 | F61: 46096.955 | G61: Devang Thakkar | H61: 593 | I61: 2211.2333 | J61: cqa | K61: 12828048 | L61: Mark P Goldman, PhD | M61: Peterson Regional Medical Center | N61: Clinic | O61: ushaaaam40@gmail.com | P61: Usha M | Q61: Trivandrum | R61: No Go | S61: 91.6 | T61: 98 | U61: Major-Incorrect Text/Gender/Names | V61: 1 | X61: Consultation | AA61: 720 | AB61: No | AC61: 622 | AD61: Normal | AE61: Achieved | AF61: 1 | AK61: =INT(D61) -> 46096 | AL61: ="Week"&WEEKNUM(D61) -> Week12 | AM61: PRMC | AN61: =IF(AO61>98.5,"Go","NoGo") -> NoGo | AO61: =100-(AQ61/S61*100) -> 97.816594 | AP61: =IFERROR(AX61*V61,0) -> 1 | AQ61: =100-T61 -> 2 | AR61: Aneesh | AS61: Aneesh | AT61: Aneesh | AU61: =IF(AX61="","",IF(AX61=1,"Major",IF(AX61=3,"Critical",IF(AX61=0,"Minor","")))) -> Major | AV61: =K61&P61 -> 12828048Usha M | AW61: =IF(U61="","",LEFT(U61,FIND("-",U61,1)-1)) -> Major | AX61: =IF(AW61="Minor",0,IF(AW61="Major",1,IF(AW61="Critical",3,""))) -> 1 | AY61: Trivandrum | AZ61: TRUE | BA61: =IF(U61="","",COUNTIF(U61,U61:U61)) -> 1 | BB61: =V61 -> 1 | BC61: Usha M | BD61: mt_new | BE61: awaiting_bb | BF61: TRUE | BG61: =VLOOKUP(AM61,Group!$C:$H,5,0) -> Top 25 | BH61: =VLOOKUP(P61,others!$C:$G,5,0) -> MTX - India
A62: 46092.432 | B62: 46092.661 | C62: 46096.726 | D62: 46096.955 | E62: 46095.419 | F62: 46096.955 | G62: Devang Thakkar | H62: 593 | I62: 2211.2333 | J62: cqa | K62: 12828048 | L62: Mark P Goldman, PhD | M62: Peterson Regional Medical Center | N62: Clinic | O62: ushaaaam40@gmail.com | P62: Usha M | Q62: Trivandrum | R62: No Go | S62: 91.6 | T62: 98 | U62: Major-Number/Value/Dates | V62: 1 | X62: Consultation | AA62: 720 | AB62: No | AC62: 622 | AD62: Normal | AE62: Achieved | AF62: 1 | AK62: =INT(D62) -> 46096 | AL62: ="Week"&WEEKNUM(D62) -> Week12 | AM62: PRMC | AN62: =IF(AO62>98.5,"Go","NoGo") -> NoGo | AO62: =100-(AQ62/S62*100) -> 97.816594 | AP62: =IFERROR(AX62*V62,0) -> 1 | AQ62: =100-T62 -> 2 | AR62: Aneesh | AS62: Aneesh | AT62: Aneesh | AU62: =IF(AX62="","",IF(AX62=1,"Major",IF(AX62=3,"Critical",IF(AX62=0,"Minor","")))) -> Major | AV62: =K62&P62 -> 12828048Usha M | AW62: =IF(U62="","",LEFT(U62,FIND("-",U62,1)-1)) -> Major | AX62: =IF(AW62="Minor",0,IF(AW62="Major",1,IF(AW62="Critical",3,""))) -> 1 | AY62: Trivandrum | AZ62: FALSE | BA62: =IF(U62="","",COUNTIF(U62,U62:U62)) -> 1 | BB62: =V62 -> 1 | BC62: Usha M | BD62: mt_new | BE62: awaiting_bb | BF62: FALSE | BG62: =VLOOKUP(AM62,Group!$C:$H,5,0) -> Top 25 | BH62: =VLOOKUP(P62,others!$C:$G,5,0) -> MTX - India
A63: 46090.894 | B63: 46091.123 | C63: 46096.735 | D63: 46096.964 | E63: 46094.065 | F63: 46096.964 | G63: Devang Thakkar | H63: 2118 | I63: 4174.4333 | J63: cqa | K63: 12827551 | L63: Jill N Jones, NP | M63: Norfolk Community Service Board | N63: Clinic | O63: sivasankari.a@cardioscribes.com | P63: Sivasankari A | Q63: Chennai | R63: Go | S63: 109.38 | T63: 100 | V63: 0 | X63: Cost Center CAS ICARE | AA63: 1440 | AB63: No | AC63: 597 | AD63: Normal | AE63: Achieved | AF63: 1 | AK63: =INT(D63) -> 46096 | AL63: ="Week"&WEEKNUM(D63) -> Week12 | AM63: NCSB | AN63: =IF(AO63>98.5,"Go","NoGo") -> Go | AO63: =100-(AQ63/S63*100) -> 100 | AP63: =IFERROR(AX63*V63,0) -> 0 | AQ63: =100-T63 -> 0 | AR63: Aneesh | AS63: Aneesh | AT63: Aneesh | AU63: =IF(AX63="","",IF(AX63=1,"Major",IF(AX63=3,"Critical",IF(AX63=0,"Minor","")))) | AV63: =K63&P63 -> 12827551Sivasankari A | AW63: =IF(U63="","",LEFT(U63,FIND("-",U63,1)-1)) | AX63: =IF(AW63="Minor",0,IF(AW63="Major",1,IF(AW63="Critical",3,""))) | AY63: Trivandrum | AZ63: FALSE | BA63: =IF(U63="","",COUNTIF(U63,U63:U63)) | BB63: =V63 -> 0 | BC63: Sivasankari A | BD63: mt_new | BE63: awaiting_upload | BF63: FALSE | BG63: =VLOOKUP(AM63,Group!$C:$H,5,0) -> Top 25 | BH63: =VLOOKUP(P63,others!$C:$G,5,0) -> VR QA - India
A64: 46092.633 | B64: 46092.862 | C64: 46096.755 | D64: 46096.985 | E64: 46094.065 | F64: 46096.985 | G64: Devang Thakkar | H64: 786 | I64: 4203.75 | J64: cqa | K64: 12828145 | L64: William Smith, MD | M64: Adirondack Medical Center | N64: Clinic | O64: ushaaaam40@gmail.com | P64: Usha M | Q64: Trivandrum | R64: Go | S64: 97.72 | T64: 99 | U64: Major-Incorrect Text/Gender/Names | V64: 1 | X64: Generic Operative Report | AA64: 360 | AB64: No | AC64: 388 | AD64: Normal | AE64: Missed | AF64: 0 | AK64: =INT(D64) -> 46096 | AL64: ="Week"&WEEKNUM(D64) -> Week12 | AM64: AMC | AN64: =IF(AO64>98.5,"Go","NoGo") -> Go | AO64: =100-(AQ64/S64*100) -> 98.976668 | AP64: =IFERROR(AX64*V64,0) -> 1 | AQ64: =100-T64 -> 1 | AR64: Aneesh | AS64: Aneesh | AT64: Aneesh | AU64: =IF(AX64="","",IF(AX64=1,"Major",IF(AX64=3,"Critical",IF(AX64=0,"Minor","")))) -> Major | AV64: =K64&P64 -> 12828145Usha M | AW64: =IF(U64="","",LEFT(U64,FIND("-",U64,1)-1)) -> Major | AX64: =IF(AW64="Minor",0,IF(AW64="Major",1,IF(AW64="Critical",3,""))) -> 1 | AY64: Trivandrum | AZ64: TRUE | BA64: =IF(U64="","",COUNTIF(U64,U64:U64)) -> 1 | BB64: =V64 -> 1 | BC64: Usha M | BD64: mt_new | BE64: awaiting_upload | BF64: TRUE | BG64: =VLOOKUP(AM64,Group!$C:$H,5,0) -> AMC Group | BH64: =VLOOKUP(P64,others!$C:$G,5,0) -> MTX - India
A65: 46092.633 | B65: 46092.862 | C65: 46096.755 | D65: 46096.985 | E65: 46094.065 | F65: 46096.985 | G65: Devang Thakkar | H65: 786 | I65: 4203.75 | J65: cqa | K65: 12828145 | L65: William Smith, MD | M65: Adirondack Medical Center | N65: Clinic | O65: ushaaaam40@gmail.com | P65: Usha M | Q65: Trivandrum | R65: Go | S65: 97.72 | T65: 99 | U65: Minor-Punctuation/Grammar/Feedback | V65: 2 | X65: Generic Operative Report | AA65: 360 | AB65: No | AC65: 388 | AD65: Normal | AE65: Missed | AF65: 0 | AK65: =INT(D65) -> 46096 | AL65: ="Week"&WEEKNUM(D65) -> Week12 | AM65: AMC | AN65: =IF(AO65>98.5,"Go","NoGo") -> Go | AO65: =100-(AQ65/S65*100) -> 98.976668 | AP65: =IFERROR(AX65*V65,0) -> 0 | AQ65: =100-T65 -> 1 | AR65: Aneesh | AS65: Aneesh | AT65: Aneesh | AU65: =IF(AX65="","",IF(AX65=1,"Major",IF(AX65=3,"Critical",IF(AX65=0,"Minor","")))) -> Minor | AV65: =K65&P65 -> 12828145Usha M | AW65: =IF(U65="","",LEFT(U65,FIND("-",U65,1)-1)) -> Minor | AX65: =IF(AW65="Minor",0,IF(AW65="Major",1,IF(AW65="Critical",3,""))) -> 0 | AY65: Trivandrum | AZ65: FALSE | BA65: =IF(U65="","",COUNTIF(U65,U65:U65)) -> 1 | BB65: =V65 -> 2 | BC65: Usha M | BD65: mt_new | BE65: awaiting_upload | BF65: FALSE | BG65: =VLOOKUP(AM65,Group!$C:$H,5,0) -> AMC Group | BH65: =VLOOKUP(P65,others!$C:$G,5,0) -> MTX - India
A66: 46091.635 | B66: 46091.864 | C66: 46096.763 | D66: 46096.992 | E66: 46094.065 | F66: 46096.992 | G66: Devang Thakkar | H66: 599 | I66: 4214.5167 | J66: cqa | K66: 12827794 | L66: IVET HARTONIAN, MD - PEDIATRICIAN | M66: LA County | N66: GLENDALE | O66: sandeepskn88@gmail.com | P66: Sandeep S | Q66: Trivandrum | R66: Go | S66: 94.2 | T66: 100 | U66: Minor-Punctuation/Grammar/Feedback | V66: 1 | X66: GLENDALE_Clinic Notes | AA66: 1440 | AB66: No | AC66: 509 | AD66: Normal | AE66: Achieved | AF66: 0 | AK66: =INT(D66) -> 46096 | AL66: ="Week"&WEEKNUM(D66) -> Week12 | AM66: LAC | AN66: =IF(AO66>98.5,"Go","NoGo") -> Go | AO66: =100-(AQ66/S66*100) -> 100 | AP66: =IFERROR(AX66*V66,0) -> 0 | AQ66: =100-T66 -> 0 | AR66: Aneesh | AS66: Aneesh | AT66: Aneesh | AU66: =IF(AX66="","",IF(AX66=1,"Major",IF(AX66=3,"Critical",IF(AX66=0,"Minor","")))) -> Minor | AV66: =K66&P66 -> 12827794Sandeep S | AW66: =IF(U66="","",LEFT(U66,FIND("-",U66,1)-1)) -> Minor | AX66: =IF(AW66="Minor",0,IF(AW66="Major",1,IF(AW66="Critical",3,""))) -> 0 | AY66: Trivandrum | AZ66: FALSE | BA66: =IF(U66="","",COUNTIF(U66,U66:U66)) -> 1 | BB66: =V66 -> 1 | BC66: Sandeep S | BD66: mt_new | BE66: awaiting_upload | BF66: FALSE | BG66: =VLOOKUP(AM66,Group!$C:$H,5,0) -> Others | BH66: =VLOOKUP(P66,others!$C:$G,5,0) -> MTX - India
A67: 46091.92 | B67: 46092.149 | C67: 46096.769 | D67: 46096.999 | E67: 46094.065 | F67: 46096.999 | G67: Devang Thakkar | H67: 564 | I67: 4224.0667 | J67: cqa | K67: 12827958 | L67: Jill N Jones, NP | M67: Norfolk Community Service Board | N67: Clinic | O67: sivasankari.a@cardioscribes.com | P67: Sivasankari A | Q67: Chennai | R67: Go | S67: 104.74 | T67: 100 | V67: 0 | X67: Cost Center CAS ICARE | AA67: 1440 | AB67: No | AC67: 586 | AD67: Normal | AE67: Achieved | AF67: 0 | AK67: =INT(D67) -> 46096 | AL67: ="Week"&WEEKNUM(D67) -> Week12 | AM67: NCSB | AN67: =IF(AO67>98.5,"Go","NoGo") -> Go | AO67: =100-(AQ67/S67*100) -> 100 | AP67: =IFERROR(AX67*V67,0) -> 0 | AQ67: =100-T67 -> 0 | AR67: Aneesh | AS67: Aneesh | AT67: Aneesh | AU67: =IF(AX67="","",IF(AX67=1,"Major",IF(AX67=3,"Critical",IF(AX67=0,"Minor","")))) | AV67: =K67&P67 -> 12827958Sivasankari A | AW67: =IF(U67="","",LEFT(U67,FIND("-",U67,1)-1)) | AX67: =IF(AW67="Minor",0,IF(AW67="Major",1,IF(AW67="Critical",3,""))) | AY67: Trivandrum | AZ67: FALSE | BA67: =IF(U67="","",COUNTIF(U67,U67:U67)) | BB67: =V67 -> 0 | BC67: Sivasankari A | BD67: mt_new | BE67: awaiting_upload | BF67: FALSE | BG67: =VLOOKUP(AM67,Group!$C:$H,5,0) -> Top 25 | BH67: =VLOOKUP(P67,others!$C:$G,5,0) -> VR QA - India
A68: 46091.96 | B68: 46092.19 | C68: 46096.809 | D68: 46097.038 | E68: 46094.065 | F68: 46097.038 | G68: Devang Thakkar | H68: 3503 | I68: 4281.0167 | J68: cqa | K68: 12827962 | L68: Kelly Sullivan, DO | M68: Norfolk Community Service Board | N68: Clinic | O68: sivasankari.a@cardioscribes.com | P68: Sivasankari A | Q68: Chennai | R68: No Go | S68: 131.77 | T68: 97 | U68: Major-Drug/Medical Error | V68: 1 | X68: PACT_Progress Note 2 | AA68: 1440 | AB68: No | AC68: 804 | AD68: Normal | AE68: Achieved | AF68: 0 | AK68: =INT(D68) -> 46097 | AL68: ="Week"&WEEKNUM(D68) -> Week12 | AM68: NCSB | AN68: =IF(AO68>98.5,"Go","NoGo") -> NoGo | AO68: =100-(AQ68/S68*100) -> 97.723306 | AP68: =IFERROR(AX68*V68,0) -> 1 | AQ68: =100-T68 -> 3 | AR68: Aneesh | AS68: Aneesh | AT68: Aneesh | AU68: =IF(AX68="","",IF(AX68=1,"Major",IF(AX68=3,"Critical",IF(AX68=0,"Minor","")))) -> Major | AV68: =K68&P68 -> 12827962Sivasankari A | AW68: =IF(U68="","",LEFT(U68,FIND("-",U68,1)-1)) -> Major | AX68: =IF(AW68="Minor",0,IF(AW68="Major",1,IF(AW68="Critical",3,""))) -> 1 | AY68: Trivandrum | AZ68: TRUE | BA68: =IF(U68="","",COUNTIF(U68,U68:U68)) -> 1 | BB68: =V68 -> 1 | BC68: Sivasankari A | BD68: mt_new | BE68: awaiting_upload | BF68: TRUE | BG68: =VLOOKUP(AM68,Group!$C:$H,5,0) -> Top 25 | BH68: =VLOOKUP(P68,others!$C:$G,5,0) -> VR QA - India
A69: 46091.96 | B69: 46092.19 | C69: 46096.809 | D69: 46097.038 | E69: 46094.065 | F69: 46097.038 | G69: Devang Thakkar | H69: 3503 | I69: 4281.0167 | J69: cqa | K69: 12827962 | L69: Kelly Sullivan, DO | M69: Norfolk Community Service Board | N69: Clinic | O69: sivasankari.a@cardioscribes.com | P69: Sivasankari A | Q69: Chennai | R69: No Go | S69: 131.77 | T69: 97 | U69: Major-Incorrect Text/Gender/Names | V69: 2 | X69: PACT_Progress Note 2 | AA69: 1440 | AB69: No | AC69: 804 | AD69: Normal | AE69: Achieved | AF69: 0 | AK69: =INT(D69) -> 46097 | AL69: ="Week"&WEEKNUM(D69) -> Week12 | AM69: NCSB | AN69: =IF(AO69>98.5,"Go","NoGo") -> NoGo | AO69: =100-(AQ69/S69*100) -> 97.723306 | AP69: =IFERROR(AX69*V69,0) -> 2 | AQ69: =100-T69 -> 3 | AR69: Aneesh | AS69: Aneesh | AT69: Aneesh | AU69: =IF(AX69="","",IF(AX69=1,"Major",IF(AX69=3,"Critical",IF(AX69=0,"Minor","")))) -> Major | AV69: =K69&P69 -> 12827962Sivasankari A | AW69: =IF(U69="","",LEFT(U69,FIND("-",U69,1)-1)) -> Major | AX69: =IF(AW69="Minor",0,IF(AW69="Major",1,IF(AW69="Critical",3,""))) -> 1 | AY69: Trivandrum | AZ69: TRUE | BA69: =IF(U69="","",COUNTIF(U69,U69:U69)) -> 1 | BB69: =V69 -> 2 | BC69: Sivasankari A | BD69: mt_new | BE69: awaiting_upload | BF69: TRUE | BG69: =VLOOKUP(AM69,Group!$C:$H,5,0) -> Top 25 | BH69: =VLOOKUP(P69,others!$C:$G,5,0) -> VR QA - India
A70: 46091.96 | B70: 46092.19 | C70: 46096.809 | D70: 46097.038 | E70: 46094.065 | F70: 46097.038 | G70: Devang Thakkar | H70: 3503 | I70: 4281.0167 | J70: cqa | K70: 12827962 | L70: Kelly Sullivan, DO | M70: Norfolk Community Service Board | N70: Clinic | O70: sivasankari.a@cardioscribes.com | P70: Sivasankari A | Q70: Chennai | R70: No Go | S70: 131.77 | T70: 97 | U70: Minor-Punctuation/Grammar/Feedback | V70: 1 | X70: PACT_Progress Note 2 | AA70: 1440 | AB70: No | AC70: 804 | AD70: Normal | AE70: Achieved | AF70: 0 | AK70: =INT(D70) -> 46097 | AL70: ="Week"&WEEKNUM(D70) -> Week12 | AM70: NCSB | AN70: =IF(AO70>98.5,"Go","NoGo") -> NoGo | AO70: =100-(AQ70/S70*100) -> 97.723306 | AP70: =IFERROR(AX70*V70,0) -> 0 | AQ70: =100-T70 -> 3 | AR70: Aneesh | AS70: Aneesh | AT70: Aneesh | AU70: =IF(AX70="","",IF(AX70=1,"Major",IF(AX70=3,"Critical",IF(AX70=0,"Minor","")))) -> Minor | AV70: =K70&P70 -> 12827962Sivasankari A | AW70: =IF(U70="","",LEFT(U70,FIND("-",U70,1)-1)) -> Minor | AX70: =IF(AW70="Minor",0,IF(AW70="Major",1,IF(AW70="Critical",3,""))) -> 0 | AY70: Trivandrum | AZ70: FALSE | BA70: =IF(U70="","",COUNTIF(U70,U70:U70)) -> 1 | BB70: =V70 -> 1 | BC70: Sivasankari A | BD70: mt_new | BE70: awaiting_upload | BF70: FALSE | BG70: =VLOOKUP(AM70,Group!$C:$H,5,0) -> Top 25 | BH70: =VLOOKUP(P70,others!$C:$G,5,0) -> VR QA - India
A71: 46091.676 | B71: 46091.906 | C71: 46097.184 | D71: 46097.414 | E71: 46095.419 | F71: 46097.414 | G71: Devang Thakkar | H71: 229 | I71: 2872.35 | J71: cqa | K71: 12827825 | L71: Lisa Cao, MD - Orthopedist | M71: LA County | N71: SANPEDRO | O71: sandeepskn88@gmail.com | P71: Sandeep S | Q71: Trivandrum | R71: Go | S71: 27.66 | T71: 100 | U71: Minor-Punctuation/Grammar/Feedback | V71: 1 | X71: SANPEDRO_Clinic Notes | AA71: 1440 | AB71: No | AC71: 134 | AD71: Normal | AE71: Achieved | AF71: 0 | AK71: =INT(D71) -> 46097 | AL71: ="Week"&WEEKNUM(D71) -> Week12 | AM71: LAC | AN71: =IF(AO71>98.5,"Go","NoGo") -> Go | AO71: =100-(AQ71/S71*100) -> 100 | AP71: =IFERROR(AX71*V71,0) -> 0 | AQ71: =100-T71 -> 0 | AR71: Aneesh | AS71: Aneesh | AT71: Aneesh | AU71: =IF(AX71="","",IF(AX71=1,"Major",IF(AX71=3,"Critical",IF(AX71=0,"Minor","")))) -> Minor | AV71: =K71&P71 -> 12827825Sandeep S | AW71: =IF(U71="","",LEFT(U71,FIND("-",U71,1)-1)) -> Minor | AX71: =IF(AW71="Minor",0,IF(AW71="Major",1,IF(AW71="Critical",3,""))) -> 0 | AY71: Trivandrum | AZ71: FALSE | BA71: =IF(U71="","",COUNTIF(U71,U71:U71)) -> 1 | BB71: =V71 -> 1 | BC71: Sandeep S | BD71: mt_new | BE71: awaiting_upload | BF71: FALSE | BG71: =VLOOKUP(AM71,Group!$C:$H,5,0) -> Others | BH71: =VLOOKUP(P71,others!$C:$G,5,0) -> MTX - India
A72: 46092.512 | B72: 46092.741 | C72: 46097.187 | D72: 46097.416 | E72: 46095.419 | F72: 46097.416 | G72: Devang Thakkar | H72: 216 | I72: 2875.95 | J72: cqa | K72: 12828138 | L72: Lisa Cao, MD - Orthopedist | M72: LA County | N72: MIDCITIES | O72: sandeepskn88@gmail.com | P72: Sandeep S | Q72: Trivandrum | R72: Go | S72: 34.34 | T72: 100 | V72: 0 | X72: MIDCITIES_Clinic Notes | AA72: 1440 | AB72: No | AC72: 156 | AD72: Normal | AE72: Achieved | AF72: 0 | AK72: =INT(D72) -> 46097 | AL72: ="Week"&WEEKNUM(D72) -> Week12 | AM72: LAC | AN72: =IF(AO72>98.5,"Go","NoGo") -> Go | AO72: =100-(AQ72/S72*100) -> 100 | AP72: =IFERROR(AX72*V72,0) -> 0 | AQ72: =100-T72 -> 0 | AR72: Aneesh | AS72: Aneesh | AT72: Aneesh | AU72: =IF(AX72="","",IF(AX72=1,"Major",IF(AX72=3,"Critical",IF(AX72=0,"Minor","")))) | AV72: =K72&P72 -> 12828138Sandeep S | AW72: =IF(U72="","",LEFT(U72,FIND("-",U72,1)-1)) | AX72: =IF(AW72="Minor",0,IF(AW72="Major",1,IF(AW72="Critical",3,""))) | AY72: Trivandrum | AZ72: FALSE | BA72: =IF(U72="","",COUNTIF(U72,U72:U72)) | BB72: =V72 -> 0 | BC72: Sandeep S | BD72: mt_new | BE72: awaiting_upload | BF72: FALSE | BG72: =VLOOKUP(AM72,Group!$C:$H,5,0) -> Others | BH72: =VLOOKUP(P72,others!$C:$G,5,0) -> MTX - India
A73: 46092.572 | B73: 46092.801 | C73: 46097.192 | D73: 46097.421 | E73: 46095.419 | F73: 46097.421 | G73: Devang Thakkar | H73: 383 | I73: 2882.9167 | J73: cqa | K73: 12828184 | L73: Lisa Cao, MD - Orthopedist | M73: LA County | N73: LONGBEACH | O73: sandeepskn88@gmail.com | P73: Sandeep S | Q73: Trivandrum | R73: No Go | S73: 38.26 | T73: 98 | U73: Major-Incorrect Text/Gender/Names | V73: 2 | X73: LONGBEACH_Clinic Notes | AA73: 1440 | AB73: No | AC73: 198 | AD73: Normal | AE73: Achieved | AF73: 0 | AK73: =INT(D73) -> 46097 | AL73: ="Week"&WEEKNUM(D73) -> Week12 | AM73: LAC | AN73: =IF(AO73>98.5,"Go","NoGo") -> NoGo | AO73: =100-(AQ73/S73*100) -> 94.772608 | AP73: =IFERROR(AX73*V73,0) -> 2 | AQ73: =100-T73 -> 2 | AR73: Aneesh | AS73: Aneesh | AT73: Aneesh | AU73: =IF(AX73="","",IF(AX73=1,"Major",IF(AX73=3,"Critical",IF(AX73=0,"Minor","")))) -> Major | AV73: =K73&P73 -> 12828184Sandeep S | AW73: =IF(U73="","",LEFT(U73,FIND("-",U73,1)-1)) -> Major | AX73: =IF(AW73="Minor",0,IF(AW73="Major",1,IF(AW73="Critical",3,""))) -> 1 | AY73: Trivandrum | AZ73: TRUE | BA73: =IF(U73="","",COUNTIF(U73,U73:U73)) -> 1 | BB73: =V73 -> 2 | BC73: Sandeep S | BD73: mt_new | BE73: awaiting_upload | BF73: TRUE | BG73: =VLOOKUP(AM73,Group!$C:$H,5,0) -> Others | BH73: =VLOOKUP(P73,others!$C:$G,5,0) -> MTX - India
A74: 46092.572 | B74: 46092.801 | C74: 46097.192 | D74: 46097.421 | E74: 46095.419 | F74: 46097.421 | G74: Devang Thakkar | H74: 383 | I74: 2882.9167 | J74: cqa | K74: 12828184 | L74: Lisa Cao, MD - Orthopedist | M74: LA County | N74: LONGBEACH | O74: sandeepskn88@gmail.com | P74: Sandeep S | Q74: Trivandrum | R74: No Go | S74: 38.26 | T74: 98 | U74: Minor-Punctuation/Grammar/Feedback | V74: 1 | X74: LONGBEACH_Clinic Notes | AA74: 1440 | AB74: No | AC74: 198 | AD74: Normal | AE74: Achieved | AF74: 0 | AK74: =INT(D74) -> 46097 | AL74: ="Week"&WEEKNUM(D74) -> Week12 | AM74: LAC | AN74: =IF(AO74>98.5,"Go","NoGo") -> NoGo | AO74: =100-(AQ74/S74*100) -> 94.772608 | AP74: =IFERROR(AX74*V74,0) -> 0 | AQ74: =100-T74 -> 2 | AR74: Aneesh | AS74: Aneesh | AT74: Aneesh | AU74: =IF(AX74="","",IF(AX74=1,"Major",IF(AX74=3,"Critical",IF(AX74=0,"Minor","")))) -> Minor | AV74: =K74&P74 -> 12828184Sandeep S | AW74: =IF(U74="","",LEFT(U74,FIND("-",U74,1)-1)) -> Minor | AX74: =IF(AW74="Minor",0,IF(AW74="Major",1,IF(AW74="Critical",3,""))) -> 0 | AY74: Trivandrum | AZ74: FALSE | BA74: =IF(U74="","",COUNTIF(U74,U74:U74)) -> 1 | BB74: =V74 -> 1 | BC74: Sandeep S | BD74: mt_new | BE74: awaiting_upload | BF74: FALSE | BG74: =VLOOKUP(AM74,Group!$C:$H,5,0) -> Others | BH74: =VLOOKUP(P74,others!$C:$G,5,0) -> MTX - India
A75: 46091.726 | B75: 46091.955 | C75: 46097.197 | D75: 46097.426 | E75: 46095.419 | F75: 46097.426 | G75: Devang Thakkar | H75: 540 | I75: 2890.8333 | J75: cqa | K75: 12827798 | L75: Ralph J Fritzsch, MD | M75: Peterson Regional Medical Center | N75: Clinic | O75: sandeepskn88@gmail.com | P75: Sandeep S | Q75: Trivandrum | R75: Go | S75: 38.35 | T75: 100 | U75: Minor-Punctuation/Grammar/Feedback | V75: 1 | X75: Consultation | AA75: 720 | AB75: No | AC75: 350 | AD75: Normal | AE75: Achieved | AF75: 0 | AK75: =INT(D75) -> 46097 | AL75: ="Week"&WEEKNUM(D75) -> Week12 | AM75: PRMC | AN75: =IF(AO75>98.5,"Go","NoGo") -> Go | AO75: =100-(AQ75/S75*100) -> 100 | AP75: =IFERROR(AX75*V75,0) -> 0 | AQ75: =100-T75 -> 0 | AR75: Aneesh | AS75: Aneesh | AT75: Aneesh | AU75: =IF(AX75="","",IF(AX75=1,"Major",IF(AX75=3,"Critical",IF(AX75=0,"Minor","")))) -> Minor | AV75: =K75&P75 -> 12827798Sandeep S | AW75: =IF(U75="","",LEFT(U75,FIND("-",U75,1)-1)) -> Minor | AX75: =IF(AW75="Minor",0,IF(AW75="Major",1,IF(AW75="Critical",3,""))) -> 0 | AY75: Trivandrum | AZ75: FALSE | BA75: =IF(U75="","",COUNTIF(U75,U75:U75)) -> 1 | BB75: =V75 -> 1 | BC75: Sandeep S | BD75: mt_new | BE75: awaiting_upload | BF75: FALSE | BG75: =VLOOKUP(AM75,Group!$C:$H,5,0) -> Top 25 | BH75: =VLOOKUP(P75,others!$C:$G,5,0) -> MTX - India
A76: 46093.216 | B76: 46093.445 | C76: 46097.204 | D76: 46097.433 | E76: 46095.42 | F76: 46097.433 | G76: Devang Thakkar | H76: 322 | I76: 2899.4167 | J76: cqa | K76: 12828416 | L76: Gnaneswer Billakanti, MD | M76: Harmon Medical And Rehabilitation Hospital | N76: Clinic | O76: ushaaaam40@gmail.com | P76: Usha M | Q76: Trivandrum | R76: Go | S76: 31.92 | T76: 100 | U76: Minor-Punctuation/Grammar/Feedback | V76: 1 | X76: History & Physical | AA76: 480 | AB76: No | AC76: 278 | AD76: Normal | AE76: Achieved | AF76: 0 | AK76: =INT(D76) -> 46097 | AL76: ="Week"&WEEKNUM(D76) -> Week12 | AM76: HMRH | AN76: =IF(AO76>98.5,"Go","NoGo") -> Go | AO76: =100-(AQ76/S76*100) -> 100 | AP76: =IFERROR(AX76*V76,0) -> 0 | AQ76: =100-T76 -> 0 | AR76: Aneesh | AS76: Aneesh | AT76: Aneesh | AU76: =IF(AX76="","",IF(AX76=1,"Major",IF(AX76=3,"Critical",IF(AX76=0,"Minor","")))) -> Minor | AV76: =K76&P76 -> 12828416Usha M | AW76: =IF(U76="","",LEFT(U76,FIND("-",U76,1)-1)) -> Minor | AX76: =IF(AW76="Minor",0,IF(AW76="Major",1,IF(AW76="Critical",3,""))) -> 0 | AY76: Trivandrum | AZ76: FALSE | BA76: =IF(U76="","",COUNTIF(U76,U76:U76)) -> 1 | BB76: =V76 -> 1 | BC76: Usha M | BD76: mt_new | BE76: awaiting_upload | BF76: FALSE | BG76: =VLOOKUP(AM76,Group!$C:$H,5,0) -> Fundamental | BH76: =VLOOKUP(P76,others!$C:$G,5,0) -> MTX - India
A77: 46091.688 | B77: 46091.918 | C77: 46097.215 | D77: 46097.444 | E77: 46095.419 | F77: 46097.444 | G77: Devang Thakkar | H77: 1551 | I77: 2916.0167 | J77: cqa | K77: 12827750 | L77: William Smith, MD | M77: Adirondack Medical Center | N77: Clinic | O77: ushaaaam40@gmail.com | P77: Usha M | Q77: Trivandrum | R77: No Go | S77: 100.75 | T77: 97 | U77: Major-Incorrect Text/Gender/Names | V77: 3 | X77: Generic Operative Report | AA77: 360 | AB77: No | AC77: 365 | AD77: Normal | AE77: Achieved | AF77: 0 | AK77: =INT(D77) -> 46097 | AL77: ="Week"&WEEKNUM(D77) -> Week12 | AM77: AMC | AN77: =IF(AO77>98.5,"Go","NoGo") -> NoGo | AO77: =100-(AQ77/S77*100) -> 97.022333 | AP77: =IFERROR(AX77*V77,0) -> 3 | AQ77: =100-T77 -> 3 | AR77: Aneesh | AS77: Aneesh | AT77: Aneesh | AU77: =IF(AX77="","",IF(AX77=1,"Major",IF(AX77=3,"Critical",IF(AX77=0,"Minor","")))) -> Major | AV77: =K77&P77 -> 12827750Usha M | AW77: =IF(U77="","",LEFT(U77,FIND("-",U77,1)-1)) -> Major | AX77: =IF(AW77="Minor",0,IF(AW77="Major",1,IF(AW77="Critical",3,""))) -> 1 | AY77: Trivandrum | AZ77: TRUE | BA77: =IF(U77="","",COUNTIF(U77,U77:U77)) -> 1 | BB77: =V77 -> 3 | BC77: Usha M | BD77: mt_new | BE77: awaiting_bb | BF77: TRUE | BG77: =VLOOKUP(AM77,Group!$C:$H,5,0) -> AMC Group | BH77: =VLOOKUP(P77,others!$C:$G,5,0) -> MTX - India
A78: 46091.688 | B78: 46091.918 | C78: 46097.215 | D78: 46097.444 | E78: 46095.419 | F78: 46097.444 | G78: Devang Thakkar | H78: 1551 | I78: 2916.0167 | J78: cqa | K78: 12827750 | L78: William Smith, MD | M78: Adirondack Medical Center | N78: Clinic | O78: ushaaaam40@gmail.com | P78: Usha M | Q78: Trivandrum | R78: No Go | S78: 100.75 | T78: 97 | U78: Minor-Punctuation/Grammar/Feedback | V78: 3 | X78: Generic Operative Report | AA78: 360 | AB78: No | AC78: 365 | AD78: Normal | AE78: Achieved | AF78: 0 | AK78: =INT(D78) -> 46097 | AL78: ="Week"&WEEKNUM(D78) -> Week12 | AM78: AMC | AN78: =IF(AO78>98.5,"Go","NoGo") -> NoGo | AO78: =100-(AQ78/S78*100) -> 97.022333 | AP78: =IFERROR(AX78*V78,0) -> 0 | AQ78: =100-T78 -> 3 | AR78: Aneesh | AS78: Aneesh | AT78: Aneesh | AU78: =IF(AX78="","",IF(AX78=1,"Major",IF(AX78=3,"Critical",IF(AX78=0,"Minor","")))) -> Minor | AV78: =K78&P78 -> 12827750Usha M | AW78: =IF(U78="","",LEFT(U78,FIND("-",U78,1)-1)) -> Minor | AX78: =IF(AW78="Minor",0,IF(AW78="Major",1,IF(AW78="Critical",3,""))) -> 0 | AY78: Trivandrum | AZ78: FALSE | BA78: =IF(U78="","",COUNTIF(U78,U78:U78)) -> 1 | BB78: =V78 -> 3 | BC78: Usha M | BD78: mt_new | BE78: awaiting_bb | BF78: FALSE | BG78: =VLOOKUP(AM78,Group!$C:$H,5,0) -> AMC Group | BH78: =VLOOKUP(P78,others!$C:$G,5,0) -> MTX - India
A79: 46093.544 | B79: 46093.773 | C79: 46097.227 | D79: 46097.456 | E79: 46095.42 | F79: 46097.456 | G79: Devang Thakkar | H79: 925 | I79: 2931.65 | J79: cqa | K79: 12828538 | L79: Melissa G Wampler, MD | M79: Peterson Regional Medical Center | N79: Clinic | O79: ushaaaam40@gmail.com | P79: Usha M | Q79: Trivandrum | R79: No Go | S79: 63.72 | T79: 95 | U79: Major-Incorrect Text/Gender/Names | V79: 4 | X79: Operative report | AA79: 1440 | AB79: No | AC79: 297 | AD79: Normal | AE79: Achieved | AF79: 0 | AK79: =INT(D79) -> 46097 | AL79: ="Week"&WEEKNUM(D79) -> Week12 | AM79: PRMC | AN79: =IF(AO79>98.5,"Go","NoGo") -> NoGo | AO79: =100-(AQ79/S79*100) -> 92.15317 | AP79: =IFERROR(AX79*V79,0) -> 4 | AQ79: =100-T79 -> 5 | AR79: Aneesh | AS79: Aneesh | AT79: Aneesh | AU79: =IF(AX79="","",IF(AX79=1,"Major",IF(AX79=3,"Critical",IF(AX79=0,"Minor","")))) -> Major | AV79: =K79&P79 -> 12828538Usha M | AW79: =IF(U79="","",LEFT(U79,FIND("-",U79,1)-1)) -> Major | AX79: =IF(AW79="Minor",0,IF(AW79="Major",1,IF(AW79="Critical",3,""))) -> 1 | AY79: Trivandrum | AZ79: TRUE | BA79: =IF(U79="","",COUNTIF(U79,U79:U79)) -> 1 | BB79: =V79 -> 4 | BC79: Usha M | BD79: mt_new | BE79: awaiting_upload | BF79: TRUE | BG79: =VLOOKUP(AM79,Group!$C:$H,5,0) -> Top 25 | BH79: =VLOOKUP(P79,others!$C:$G,5,0) -> MTX - India
A80: 46093.544 | B80: 46093.773 | C80: 46097.227 | D80: 46097.456 | E80: 46095.42 | F80: 46097.456 | G80: Devang Thakkar | H80: 925 | I80: 2931.65 | J80: cqa | K80: 12828538 | L80: Melissa G Wampler, MD | M80: Peterson Regional Medical Center | N80: Clinic | O80: ushaaaam40@gmail.com | P80: Usha M | Q80: Trivandrum | R80: No Go | S80: 63.72 | T80: 95 | U80: Major-Omitted/Inserted Text | V80: 1 | X80: Operative report | AA80: 1440 | AB80: No | AC80: 297 | AD80: Normal | AE80: Achieved | AF80: 0 | AK80: =INT(D80) -> 46097 | AL80: ="Week"&WEEKNUM(D80) -> Week12 | AM80: PRMC | AN80: =IF(AO80>98.5,"Go","NoGo") -> NoGo | AO80: =100-(AQ80/S80*100) -> 92.15317 | AP80: =IFERROR(AX80*V80,0) -> 1 | AQ80: =100-T80 -> 5 | AR80: Aneesh | AS80: Aneesh | AT80: Aneesh | AU80: =IF(AX80="","",IF(AX80=1,"Major",IF(AX80=3,"Critical",IF(AX80=0,"Minor","")))) -> Major | AV80: =K80&P80 -> 12828538Usha M | AW80: =IF(U80="","",LEFT(U80,FIND("-",U80,1)-1)) -> Major | AX80: =IF(AW80="Minor",0,IF(AW80="Major",1,IF(AW80="Critical",3,""))) -> 1 | AY80: Trivandrum | AZ80: TRUE | BA80: =IF(U80="","",COUNTIF(U80,U80:U80)) -> 1 | BB80: =V80 -> 1 | BC80: Usha M | BD80: mt_new | BE80: awaiting_upload | BF80: TRUE | BG80: =VLOOKUP(AM80,Group!$C:$H,5,0) -> Top 25 | BH80: =VLOOKUP(P80,others!$C:$G,5,0) -> MTX - India
A81: 46093.544 | B81: 46093.773 | C81: 46097.227 | D81: 46097.456 | E81: 46095.42 | F81: 46097.456 | G81: Devang Thakkar | H81: 925 | I81: 2931.65 | J81: cqa | K81: 12828538 | L81: Melissa G Wampler, MD | M81: Peterson Regional Medical Center | N81: Clinic | O81: ushaaaam40@gmail.com | P81: Usha M | Q81: Trivandrum | R81: No Go | S81: 63.72 | T81: 95 | U81: Minor-Punctuation/Grammar/Feedback | V81: 2 | X81: Operative report | AA81: 1440 | AB81: No | AC81: 297 | AD81: Normal | AE81: Achieved | AF81: 0 | AK81: =INT(D81) -> 46097 | AL81: ="Week"&WEEKNUM(D81) -> Week12 | AM81: PRMC | AN81: =IF(AO81>98.5,"Go","NoGo") -> NoGo | AO81: =100-(AQ81/S81*100) -> 92.15317 | AP81: =IFERROR(AX81*V81,0) -> 0 | AQ81: =100-T81 -> 5 | AR81: Aneesh | AS81: Aneesh | AT81: Aneesh | AU81: =IF(AX81="","",IF(AX81=1,"Major",IF(AX81=3,"Critical",IF(AX81=0,"Minor","")))) -> Minor | AV81: =K81&P81 -> 12828538Usha M | AW81: =IF(U81="","",LEFT(U81,FIND("-",U81,1)-1)) -> Minor | AX81: =IF(AW81="Minor",0,IF(AW81="Major",1,IF(AW81="Critical",3,""))) -> 0 | AY81: Trivandrum | AZ81: FALSE | BA81: =IF(U81="","",COUNTIF(U81,U81:U81)) -> 1 | BB81: =V81 -> 2 | BC81: Usha M | BD81: mt_new | BE81: awaiting_upload | BF81: FALSE | BG81: =VLOOKUP(AM81,Group!$C:$H,5,0) -> Top 25 | BH81: =VLOOKUP(P81,others!$C:$G,5,0) -> MTX - India
A82: 46093.444 | B82: 46093.674 | C82: 46097.233 | D82: 46097.462 | E82: 46097.457 | F82: 46097.462 | G82: Devang Thakkar | H82: 77 | I82: 6.8 | J82: cqa | K82: 12828485 | L82: GIZELLE STEVENS, MD | M82: Regional Medical Center Anniston | N82: clinic | O82: gopalrajith@gmail.com | P82: Gopal Rajith | Q82: Trivandrum | R82: Go | S82: 8.18 | T82: 100 | V82: 0 | X82: RMCA_PFT | AA82: 360 | AB82: No | AC82: 39 | AD82: Normal | AE82: Achieved | AF82: 0 | AK82: =INT(D82) -> 46097 | AL82: ="Week"&WEEKNUM(D82) -> Week12 | AM82: RMCA | AN82: =IF(AO82>98.5,"Go","NoGo") -> Go | AO82: =100-(AQ82/S82*100) -> 100 | AP82: =IFERROR(AX82*V82,0) -> 0 | AQ82: =100-T82 -> 0 | AR82: Ankit | AS82: Aneesh | AT82: Aneesh | AU82: =IF(AX82="","",IF(AX82=1,"Major",IF(AX82=3,"Critical",IF(AX82=0,"Minor","")))) | AV82: =K82&P82 -> 12828485Gopal Rajith | AW82: =IF(U82="","",LEFT(U82,FIND("-",U82,1)-1)) | AX82: =IF(AW82="Minor",0,IF(AW82="Major",1,IF(AW82="Critical",3,""))) | AY82: Trivandrum | AZ82: FALSE | BA82: =IF(U82="","",COUNTIF(U82,U82:U82)) | BB82: =V82 -> 0 | BC82: Gopal Rajith | BD82: mt_new | BE82: awaiting_upload | BF82: FALSE | BG82: =VLOOKUP(AM82,Group!$C:$H,5,0) -> Top 25 | BH82: =VLOOKUP(P82,others!$C:$G,5,0) -> MTx-India
A83: 46087.574 | B83: 46087.803 | C83: 46097.272 | D83: 46097.501 | E83: 46097.457 | F83: 46097.501 | G83: Devang Thakkar | H83: 225 | I83: 64.6667 | J83: cqa | K83: 12826924 | L83: DONALD T NORBY, DMD | M83: Regional Medical Center Anniston | N83: clinic | O83: gopalrajith@gmail.com | P83: Gopal Rajith | Q83: Trivandrum | R83: Go | S83: 31.06 | T83: 100 | U83: Minor-Punctuation/Grammar/Feedback | V83: 3 | X83: RMCA_OP | AA83: 720 | AB83: No | AC83: 145 | AD83: Normal | AE83: Achieved | AF83: 0 | AK83: =INT(D83) -> 46097 | AL83: ="Week"&WEEKNUM(D83) -> Week12 | AM83: RMCA | AN83: =IF(AO83>98.5,"Go","NoGo") -> Go | AO83: =100-(AQ83/S83*100) -> 100 | AP83: =IFERROR(AX83*V83,0) -> 0 | AQ83: =100-T83 -> 0 | AR83: Ankit | AS83: Aneesh | AT83: Aneesh | AU83: =IF(AX83="","",IF(AX83=1,"Major",IF(AX83=3,"Critical",IF(AX83=0,"Minor","")))) -> Minor | AV83: =K83&P83 -> 12826924Gopal Rajith | AW83: =IF(U83="","",LEFT(U83,FIND("-",U83,1)-1)) -> Minor | AX83: =IF(AW83="Minor",0,IF(AW83="Major",1,IF(AW83="Critical",3,""))) -> 0 | AY83: Trivandrum | AZ83: FALSE | BA83: =IF(U83="","",COUNTIF(U83,U83:U83)) -> 1 | BB83: =V83 -> 3 | BC83: Gopal Rajith | BD83: mt_new | BE83: awaiting_upload | BF83: FALSE | BG83: =VLOOKUP(AM83,Group!$C:$H,5,0) -> Top 25 | BH83: =VLOOKUP(P83,others!$C:$G,5,0) -> MTx-India
A84: 46087.544 | B84: 46087.773 | C84: 46097.28 | D84: 46097.509 | E84: 46097.456 | F84: 46097.509 | G84: Devang Thakkar | H84: 1415 | I84: 76.2167 | J84: cqa | K84: 12826952 | L84: Kamran Khan, DO | M84: Horizon Health And Rehabilitation Center | N84: clinic | O84: gopalrajith@gmail.com | P84: Gopal Rajith | Q84: Trivandrum | R84: Go | S84: 42.4 | T84: 100 | U84: Minor-Punctuation/Grammar/Feedback | V84: 4 | X84: History & Physical | AA84: 480 | AB84: No | AC84: 246 | AD84: Normal | AE84: Achieved | AF84: 0 | AK84: =INT(D84) -> 46097 | AL84: ="Week"&WEEKNUM(D84) -> Week12 | AM84: HHRC | AN84: =IF(AO84>98.5,"Go","NoGo") -> Go | AO84: =100-(AQ84/S84*100) -> 100 | AP84: =IFERROR(AX84*V84,0) -> 0 | AQ84: =100-T84 -> 0 | AR84: Aneesh | AS84: Aneesh | AT84: Aneesh | AU84: =IF(AX84="","",IF(AX84=1,"Major",IF(AX84=3,"Critical",IF(AX84=0,"Minor","")))) -> Minor | AV84: =K84&P84 -> 12826952Gopal Rajith | AW84: =IF(U84="","",LEFT(U84,FIND("-",U84,1)-1)) -> Minor | AX84: =IF(AW84="Minor",0,IF(AW84="Major",1,IF(AW84="Critical",3,""))) -> 0 | AY84: Trivandrum | AZ84: FALSE | BA84: =IF(U84="","",COUNTIF(U84,U84:U84)) -> 1 | BB84: =V84 -> 4 | BC84: Gopal Rajith | BD84: mt_new | BE84: awaiting_upload | BF84: FALSE | BG84: =VLOOKUP(AM84,Group!$C:$H,5,0) -> Fundamental | BH84: =VLOOKUP(P84,others!$C:$G,5,0) -> MTx-India
A85: 46091.64 | B85: 46091.87 | C85: 46097.294 | D85: 46097.523 | E85: 46097.456 | F85: 46097.523 | G85: Devang Thakkar | H85: 1093 | I85: 96.6667 | J85: cqa | K85: 12827738 | L85: John Decker, MD | M85: Adirondack Medical Center | N85: Clinic | O85: jobs4savitha@gmail.com | P85: Savitha Arun | Q85: Trivandrum | R85: No Go | S85: 24.77 | T85: 98 | U85: Major-Incorrect Text/Gender/Names | V85: 2 | X85: Generic Operative Report | AA85: 360 | AB85: No | AC85: 206 | AD85: Normal | AE85: Achieved | AF85: 0 | AK85: =INT(D85) -> 46097 | AL85: ="Week"&WEEKNUM(D85) -> Week12 | AM85: AMC | AN85: =IF(AO85>98.5,"Go","NoGo") -> NoGo | AO85: =100-(AQ85/S85*100) -> 91.925717 | AP85: =IFERROR(AX85*V85,0) -> 2 | AQ85: =100-T85 -> 2 | AR85: Aneesh | AS85: Aneesh | AT85: Aneesh | AU85: =IF(AX85="","",IF(AX85=1,"Major",IF(AX85=3,"Critical",IF(AX85=0,"Minor","")))) -> Major | AV85: =K85&P85 -> 12827738Savitha Arun | AW85: =IF(U85="","",LEFT(U85,FIND("-",U85,1)-1)) -> Major | AX85: =IF(AW85="Minor",0,IF(AW85="Major",1,IF(AW85="Critical",3,""))) -> 1 | AY85: Trivandrum | AZ85: TRUE | BA85: =IF(U85="","",COUNTIF(U85,U85:U85)) -> 1 | BB85: =V85 -> 2 | BC85: Usha M | BD85: qa_new | BE85: awaiting_upload | BF85: TRUE | BG85: =VLOOKUP(AM85,Group!$C:$H,5,0) -> AMC Group | BH85: =VLOOKUP(P85,others!$C:$G,5,0) -> QA - India
A86: 46091.64 | B86: 46091.87 | C86: 46097.294 | D86: 46097.523 | E86: 46097.456 | F86: 46097.523 | G86: Devang Thakkar | H86: 1093 | I86: 96.6667 | J86: cqa | K86: 12827738 | L86: John Decker, MD | M86: Adirondack Medical Center | N86: Clinic | O86: jobs4savitha@gmail.com | P86: Savitha Arun | Q86: Trivandrum | R86: No Go | S86: 24.77 | T86: 98 | U86: Minor-Punctuation/Grammar/Feedback | V86: 4 | X86: Generic Operative Report | AA86: 360 | AB86: No | AC86: 206 | AD86: Normal | AE86: Achieved | AF86: 0 | AK86: =INT(D86) -> 46097 | AL86: ="Week"&WEEKNUM(D86) -> Week12 | AM86: AMC | AN86: =IF(AO86>98.5,"Go","NoGo") -> NoGo | AO86: =100-(AQ86/S86*100) -> 91.925717 | AP86: =IFERROR(AX86*V86,0) -> 0 | AQ86: =100-T86 -> 2 | AR86: Aneesh | AS86: Aneesh | AT86: Aneesh | AU86: =IF(AX86="","",IF(AX86=1,"Major",IF(AX86=3,"Critical",IF(AX86=0,"Minor","")))) -> Minor | AV86: =K86&P86 -> 12827738Savitha Arun | AW86: =IF(U86="","",LEFT(U86,FIND("-",U86,1)-1)) -> Minor | AX86: =IF(AW86="Minor",0,IF(AW86="Major",1,IF(AW86="Critical",3,""))) -> 0 | AY86: Trivandrum | AZ86: FALSE | BA86: =IF(U86="","",COUNTIF(U86,U86:U86)) -> 1 | BB86: =V86 -> 4 | BC86: Usha M | BD86: qa_new | BE86: awaiting_upload | BF86: FALSE | BG86: =VLOOKUP(AM86,Group!$C:$H,5,0) -> AMC Group | BH86: =VLOOKUP(P86,others!$C:$G,5,0) -> QA - India
A87: 46091.48 | B87: 46091.709 | C87: 46097.296 | D87: 46097.525 | E87: 46097.457 | F87: 46097.525 | G87: Devang Thakkar | H87: 113 | I87: 98.3667 | J87: cqa | K87: 12827705 | L87: Brian Martinez, PAC | M87: Cardiology Associates Medical Group | N87: Clinic | O87: PratheepKumar.a@cardioscribes.com | P87: Pratheep Kumar | Q87: Chennai | R87: Go | S87: 20.71 | T87: 100 | U87: Minor-Punctuation/Grammar/Feedback | V87: 1 | X87: CAMG_OV | AA87: 1440 | AB87: No | AC87: 74 | AD87: Normal | AE87: Achieved | AF87: 0 | AK87: =INT(D87) -> 46097 | AL87: ="Week"&WEEKNUM(D87) -> Week12 | AM87: CAMG | AN87: =IF(AO87>98.5,"Go","NoGo") -> Go | AO87: =100-(AQ87/S87*100) -> 100 | AP87: =IFERROR(AX87*V87,0) -> 0 | AQ87: =100-T87 -> 0 | AR87: Harsh | AS87: Aneesh | AT87: Aneesh | AU87: =IF(AX87="","",IF(AX87=1,"Major",IF(AX87=3,"Critical",IF(AX87=0,"Minor","")))) -> Minor | AV87: =K87&P87 -> 12827705Pratheep Kumar | AW87: =IF(U87="","",LEFT(U87,FIND("-",U87,1)-1)) -> Minor | AX87: =IF(AW87="Minor",0,IF(AW87="Major",1,IF(AW87="Critical",3,""))) -> 0 | AY87: Trivandrum | AZ87: FALSE | BA87: =IF(U87="","",COUNTIF(U87,U87:U87)) -> 1 | BB87: =V87 -> 1 | BC87: Pratheep Kumar | BD87: mt_new | BE87: awaiting_upload | BF87: FALSE | BG87: =VLOOKUP(AM87,Group!$C:$H,5,0) -> Top 25 | BH87: =VLOOKUP(P87,others!$C:$G,5,0) -> MT - India
A88: 46093.796 | B88: 46094.025 | C88: 46097.309 | D88: 46097.538 | E88: 46097.407 | F88: 46097.538 | G88: Devang Thakkar | H88: 1045 | I88: 188.75 | J88: cqa | K88: 12828770 | L88: Reydel B Alvarez, NP-C | M88: Coronado Ridge Nursing and Rehab Center | N88: clinic | O88: jobs4savitha@gmail.com | P88: Savitha Arun | Q88: Trivandrum | R88: Go | S88: 95.94 | T88: 100 | U88: Minor-Punctuation/Grammar/Feedback | V88: 9 | X88: DISCHARGE SUMMARY | AA88: 1440 | AB88: No | AC88: 595 | AD88: Normal | AE88: Achieved | AF88: 0 | AK88: =INT(D88) -> 46097 | AL88: ="Week"&WEEKNUM(D88) -> Week12 | AM88: CRNRC | AN88: =IF(AO88>98.5,"Go","NoGo") -> Go | AO88: =100-(AQ88/S88*100) -> 100 | AP88: =IFERROR(AX88*V88,0) -> 0 | AQ88: =100-T88 -> 0 | AR88: Aneesh | AS88: Aneesh | AT88: Aneesh | AU88: =IF(AX88="","",IF(AX88=1,"Major",IF(AX88=3,"Critical",IF(AX88=0,"Minor","")))) -> Minor | AV88: =K88&P88 -> 12828770Savitha Arun | AW88: =IF(U88="","",LEFT(U88,FIND("-",U88,1)-1)) -> Minor | AX88: =IF(AW88="Minor",0,IF(AW88="Major",1,IF(AW88="Critical",3,""))) -> 0 | AY88: Trivandrum | AZ88: FALSE | BA88: =IF(U88="","",COUNTIF(U88,U88:U88)) -> 1 | BB88: =V88 -> 9 | BC88: Devi Balu | BD88: qa_new | BE88: awaiting_upload | BF88: FALSE | BG88: =VLOOKUP(AM88,Group!$C:$H,5,0) -> Others | BH88: =VLOOKUP(P88,others!$C:$G,5,0) -> QA - India
A89: 46093.521 | B89: 46093.75 | C89: 46097.331 | D89: 46097.56 | E89: 46097.407 | F89: 46097.56 | G89: Devang Thakkar | H89: 1582 | I89: 220.2667 | J89: cqa | K89: 12828532 | L89: Mark Pushkash, Ph.D. | M89: Department Of Health Services - Wisconsin | N89: Clinic | O89: Tejasahm@gmail.com | P89: Tejas Patel | Q89: Ahmedabad | R89: No Go | S89: 144.95 | T89: 97 | U89: Major-Incorrect Text/Gender/Names | V89: 3 | X89: PSYCHOLOGICAL REPORT | AA89: 1440 | AB89: No | AC89: 857 | AD89: Normal | AE89: Achieved | AF89: 0 | AK89: =INT(D89) -> 46097 | AL89: ="Week"&WEEKNUM(D89) -> Week12 | AM89: DHS | AN89: =IF(AO89>98.5,"Go","NoGo") -> NoGo | AO89: =100-(AQ89/S89*100) -> 97.930321 | AP89: =IFERROR(AX89*V89,0) -> 3 | AQ89: =100-T89 -> 3 | AR89: Harsh | AS89: Ankit | AT89: Ankit | AU89: =IF(AX89="","",IF(AX89=1,"Major",IF(AX89=3,"Critical",IF(AX89=0,"Minor","")))) -> Major | AV89: =K89&P89 -> 12828532Tejas Patel | AW89: =IF(U89="","",LEFT(U89,FIND("-",U89,1)-1)) -> Major | AX89: =IF(AW89="Minor",0,IF(AW89="Major",1,IF(AW89="Critical",3,""))) -> 1 | AY89: Ahmedabad | AZ89: TRUE | BA89: =IF(U89="","",COUNTIF(U89,U89:U89)) -> 1 | BB89: =V89 -> 3 | BC89: Tejas Patel | BD89: mt_new | BE89: awaiting_upload | BF89: TRUE | BG89: =VLOOKUP(AM89,Group!$C:$H,5,0) -> Top 25 | BH89: =VLOOKUP(P89,others!$C:$G,5,0) -> QA
A90: 46093.521 | B90: 46093.75 | C90: 46097.331 | D90: 46097.56 | E90: 46097.407 | F90: 46097.56 | G90: Devang Thakkar | H90: 1582 | I90: 220.2667 | J90: cqa | K90: 12828532 | L90: Mark Pushkash, Ph.D. | M90: Department Of Health Services - Wisconsin | N90: Clinic | O90: Tejasahm@gmail.com | P90: Tejas Patel | Q90: Ahmedabad | R90: No Go | S90: 144.95 | T90: 97 | U90: Minor-Punctuation/Grammar/Feedback | V90: 2 | X90: PSYCHOLOGICAL REPORT | AA90: 1440 | AB90: No | AC90: 857 | AD90: Normal | AE90: Achieved | AF90: 0 | AK90: =INT(D90) -> 46097 | AL90: ="Week"&WEEKNUM(D90) -> Week12 | AM90: DHS | AN90: =IF(AO90>98.5,"Go","NoGo") -> NoGo | AO90: =100-(AQ90/S90*100) -> 97.930321 | AP90: =IFERROR(AX90*V90,0) -> 0 | AQ90: =100-T90 -> 3 | AR90: Harsh | AS90: Ankit | AT90: Ankit | AU90: =IF(AX90="","",IF(AX90=1,"Major",IF(AX90=3,"Critical",IF(AX90=0,"Minor","")))) -> Minor | AV90: =K90&P90 -> 12828532Tejas Patel | AW90: =IF(U90="","",LEFT(U90,FIND("-",U90,1)-1)) -> Minor | AX90: =IF(AW90="Minor",0,IF(AW90="Major",1,IF(AW90="Critical",3,""))) -> 0 | AY90: Ahmedabad | AZ90: FALSE | BA90: =IF(U90="","",COUNTIF(U90,U90:U90)) -> 1 | BB90: =V90 -> 2 | BC90: Tejas Patel | BD90: mt_new | BE90: awaiting_upload | BF90: FALSE | BG90: =VLOOKUP(AM90,Group!$C:$H,5,0) -> Top 25 | BH90: =VLOOKUP(P90,others!$C:$G,5,0) -> QA
A91: 46091.699 | B91: 46091.928 | C91: 46097.749 | D91: 46097.978 | E91: 46097.457 | F91: 46097.978 | G91: Devang Thakkar | H91: 454 | I91: 750.5167 | J91: cqa | K91: 12827876 | L91: Jeffrey C Brackett, MD, FACC | M91: Cardiology Associates Medical Group | N91: Clinic | O91: PratheepKumar.a@cardioscribes.com | P91: Pratheep Kumar | Q91: Chennai | R91: Go | S91: 38.2 | T91: 100 | U91: Minor-Punctuation/Grammar/Feedback | V91: 1 | X91: CAMG_OV | AA91: 1440 | AB91: No | AC91: 142 | AD91: Normal | AE91: Achieved | AF91: 0 | AK91: =INT(D91) -> 46097 | AL91: ="Week"&WEEKNUM(D91) -> Week12 | AM91: CAMG | AN91: =IF(AO91>98.5,"Go","NoGo") -> Go | AO91: =100-(AQ91/S91*100) -> 100 | AP91: =IFERROR(AX91*V91,0) -> 0 | AQ91: =100-T91 -> 0 | AR91: Harsh | AS91: Aneesh | AT91: Aneesh | AU91: =IF(AX91="","",IF(AX91=1,"Major",IF(AX91=3,"Critical",IF(AX91=0,"Minor","")))) -> Minor | AV91: =K91&P91 -> 12827876Pratheep Kumar | AW91: =IF(U91="","",LEFT(U91,FIND("-",U91,1)-1)) -> Minor | AX91: =IF(AW91="Minor",0,IF(AW91="Major",1,IF(AW91="Critical",3,""))) -> 0 | AY91: Trivandrum | AZ91: FALSE | BA91: =IF(U91="","",COUNTIF(U91,U91:U91)) -> 1 | BB91: =V91 -> 1 | BC91: Pratheep Kumar | BD91: mt_new | BE91: awaiting_upload | BF91: FALSE | BG91: =VLOOKUP(AM91,Group!$C:$H,5,0) -> Top 25 | BH91: =VLOOKUP(P91,others!$C:$G,5,0) -> MT - India
A92: 46091.432 | B92: 46091.661 | C92: 46097.755 | D92: 46097.984 | E92: 46097.406 | F92: 46097.984 | G92: Devang Thakkar | H92: 531 | I92: 832.7167 | J92: cqa | K92: 12827655 | L92: David Radovich, Psy.D | M92: Department Of Health Services - Wisconsin | N92: Clinic | O92: Tejasahm@gmail.com | P92: Tejas Patel | Q92: Ahmedabad | R92: Go | S92: 77.8 | T92: 99 | U92: Major-Incorrect Text/Gender/Names | V92: 1 | X92: PSYCHOLOGICAL REPORT | AA92: 1440 | AB92: No | AC92: 399 | AD92: Normal | AE92: Achieved | AF92: 0 | AK92: =INT(D92) -> 46097 | AL92: ="Week"&WEEKNUM(D92) -> Week12 | AM92: DHS | AN92: =IF(AO92>98.5,"Go","NoGo") -> Go | AO92: =100-(AQ92/S92*100) -> 98.714653 | AP92: =IFERROR(AX92*V92,0) -> 1 | AQ92: =100-T92 -> 1 | AR92: Harsh | AS92: Ankit | AT92: Ankit | AU92: =IF(AX92="","",IF(AX92=1,"Major",IF(AX92=3,"Critical",IF(AX92=0,"Minor","")))) -> Major | AV92: =K92&P92 -> 12827655Tejas Patel | AW92: =IF(U92="","",LEFT(U92,FIND("-",U92,1)-1)) -> Major | AX92: =IF(AW92="Minor",0,IF(AW92="Major",1,IF(AW92="Critical",3,""))) -> 1 | AY92: Ahmedabad | AZ92: FALSE | BA92: =IF(U92="","",COUNTIF(U92,U92:U92)) -> 1 | BB92: =V92 -> 1 | BC92: Tejas Patel | BD92: mt_new | BE92: awaiting_upload | BF92: FALSE | BG92: =VLOOKUP(AM92,Group!$C:$H,5,0) -> Top 25 | BH92: =VLOOKUP(P92,others!$C:$G,5,0) -> QA
A93: 46090.808 | B93: 46091.038 | C93: 46097.759 | D93: 46097.988 | E93: 46097.457 | F93: 46097.988 | G93: Devang Thakkar | H93: 329 | I93: 765.6167 | J93: cqa | K93: 12827454 | L93: Adel M Sidky, MD FACC | M93: Adel M Sidky, MD FACC | N93: Clinic | O93: jobs4savitha@gmail.com | P93: Savitha Arun | Q93: Trivandrum | R93: Go | S93: 55.94 | T93: 99 | U93: Major-Drug/Medical Error | V93: 1 | X93: Office Visit | AA93: 1440 | AB93: No | AC93: 126 | AD93: Normal | AE93: Achieved | AF93: 0 | AK93: =INT(D93) -> 46097 | AL93: ="Week"&WEEKNUM(D93) -> Week12 | AM93: AMS | AN93: =IF(AO93>98.5,"Go","NoGo") -> NoGo | AO93: =100-(AQ93/S93*100) -> 98.21237 | AP93: =IFERROR(AX93*V93,0) -> 1 | AQ93: =100-T93 -> 1 | AR93: Aneesh | AS93: Aneesh | AT93: Aneesh | AU93: =IF(AX93="","",IF(AX93=1,"Major",IF(AX93=3,"Critical",IF(AX93=0,"Minor","")))) -> Major | AV93: =K93&P93 -> 12827454Savitha Arun | AW93: =IF(U93="","",LEFT(U93,FIND("-",U93,1)-1)) -> Major | AX93: =IF(AW93="Minor",0,IF(AW93="Major",1,IF(AW93="Critical",3,""))) -> 1 | AY93: Trivandrum | AZ93: TRUE | BA93: =IF(U93="","",COUNTIF(U93,U93:U93)) -> 1 | BB93: =V93 -> 1 | BC93: Sandeep S | BD93: qa_new | BE93: awaiting_upload | BF93: TRUE | BG93: =VLOOKUP(AM93,Group!$C:$H,5,0) -> Others | BH93: =VLOOKUP(P93,others!$C:$G,5,0) -> QA - India
A94: 46090.808 | B94: 46091.038 | C94: 46097.759 | D94: 46097.988 | E94: 46097.457 | F94: 46097.988 | G94: Devang Thakkar | H94: 329 | I94: 765.6167 | J94: cqa | K94: 12827454 | L94: Adel M Sidky, MD FACC | M94: Adel M Sidky, MD FACC | N94: Clinic | O94: jobs4savitha@gmail.com | P94: Savitha Arun | Q94: Trivandrum | R94: Go | S94: 55.94 | T94: 99 | U94: Minor-Punctuation/Grammar/Feedback | V94: 1 | X94: Office Visit | AA94: 1440 | AB94: No | AC94: 126 | AD94: Normal | AE94: Achieved | AF94: 0 | AK94: =INT(D94) -> 46097 | AL94: ="Week"&WEEKNUM(D94) -> Week12 | AM94: AMS | AN94: =IF(AO94>98.5,"Go","NoGo") -> NoGo | AO94: =100-(AQ94/S94*100) -> 98.21237 | AP94: =IFERROR(AX94*V94,0) -> 0 | AQ94: =100-T94 -> 1 | AR94: Aneesh | AS94: Aneesh | AT94: Aneesh | AU94: =IF(AX94="","",IF(AX94=1,"Major",IF(AX94=3,"Critical",IF(AX94=0,"Minor","")))) -> Minor | AV94: =K94&P94 -> 12827454Savitha Arun | AW94: =IF(U94="","",LEFT(U94,FIND("-",U94,1)-1)) -> Minor | AX94: =IF(AW94="Minor",0,IF(AW94="Major",1,IF(AW94="Critical",3,""))) -> 0 | AY94: Trivandrum | AZ94: FALSE | BA94: =IF(U94="","",COUNTIF(U94,U94:U94)) -> 1 | BB94: =V94 -> 1 | BC94: Sandeep S | BD94: qa_new | BE94: awaiting_upload | BF94: FALSE | BG94: =VLOOKUP(AM94,Group!$C:$H,5,0) -> Others | BH94: =VLOOKUP(P94,others!$C:$G,5,0) -> QA - India
